name,url
monkaS,https://cdn.frankerfacez.com/emoticon/130762/1
OMEGALUL,https://cdn.frankerfacez.com/emoticon/128054/1
PepeHands,https://cdn.frankerfacez.com/emoticon/231552/1
PagChomp,https://cdn.frankerfacez.com/emoticon/61496/1
POGGERS,https://cdn.frankerfacez.com/emoticon/214129/1
HYPERBRUH,https://cdn.frankerfacez.com/emoticon/204717/1
Pog,https://cdn.frankerfacez.com/emoticon/210748/1
FeelsBadMan,https://cdn.frankerfacez.com/emoticon/33355/1
gachiGASM,https://cdn.frankerfacez.com/emoticon/103171/1
FeelsOkayMan,https://cdn.frankerfacez.com/emoticon/145947/1
monkaMEGA,https://cdn.frankerfacez.com/emoticon/157576/1
LULW,https://cdn.frankerfacez.com/emoticon/139407/1
FeelsWeirdMan,https://cdn.frankerfacez.com/emoticon/131597/1
4HEad,https://cdn.frankerfacez.com/emoticon/128247/1
monkaOMEGA,https://cdn.frankerfacez.com/emoticon/167431/1
AYAYA,https://cdn.frankerfacez.com/emoticon/162146/1
KKomrade,https://cdn.frankerfacez.com/emoticon/145916/1
HandsUp,https://cdn.frankerfacez.com/emoticon/229760/1
FeelsGoodMan,https://cdn.frankerfacez.com/emoticon/109777/1
Klappa,https://cdn.frankerfacez.com/emoticon/38879/1
PepoThink,https://cdn.frankerfacez.com/emoticon/174942/1
EZY,https://cdn.frankerfacez.com/emoticon/185890/1
ZULUL,https://cdn.frankerfacez.com/emoticon/130077/1
monkaGun,https://cdn.frankerfacez.com/emoticon/187256/1
HYPERS,https://cdn.frankerfacez.com/emoticon/236895/1
JUSTDOIT,https://cdn.frankerfacez.com/emoticon/37311/1
HeavyBreathing,https://cdn.frankerfacez.com/emoticon/29990/1
PepeLaugh,https://cdn.frankerfacez.com/emoticon/64785/1
weSmart,https://cdn.frankerfacez.com/emoticon/165742/1
4House,https://cdn.frankerfacez.com/emoticon/230495/1
monkaH,https://cdn.frankerfacez.com/emoticon/201362/1
Kapp,https://cdn.frankerfacez.com/emoticon/218860/1
Champ,https://cdn.frankerfacez.com/emoticon/216396/1
MikuStare,https://cdn.frankerfacez.com/emoticon/229996/1
ThisIsFine,https://cdn.frankerfacez.com/emoticon/67872/1
PogU,https://cdn.frankerfacez.com/emoticon/256055/1
Tuturu,https://cdn.frankerfacez.com/emoticon/25335/1
KKonaW,https://cdn.frankerfacez.com/emoticon/229486/1
jmanLenny,https://cdn.frankerfacez.com/emoticon/29088/1
monkaTOS,https://cdn.frankerfacez.com/emoticon/237857/1
nepSmug,https://cdn.frankerfacez.com/emoticon/151481/1
REEeee,https://cdn.frankerfacez.com/emoticon/116831/1
GG!,https://cdn.frankerfacez.com/emoticon/28071/1
SuchMeme,https://cdn.frankerfacez.com/emoticon/27825/1
TooLewd,https://cdn.frankerfacez.com/emoticon/229999/1
GoodMemes,https://cdn.frankerfacez.com/emoticon/15824/1
EHEHE,https://cdn.frankerfacez.com/emoticon/101094/1
OhISee,https://cdn.frankerfacez.com/emoticon/230001/1
StrimPlz,https://cdn.frankerfacez.com/emoticon/36318/1
BootyTime,https://cdn.frankerfacez.com/emoticon/22080/1
FeelsSpecialMan,https://cdn.frankerfacez.com/emoticon/191854/1
forsenCD,https://cdn.frankerfacez.com/emoticon/249060/1
okiRIP,https://cdn.frankerfacez.com/emoticon/27204/1
Daijoubu,https://cdn.frankerfacez.com/emoticon/229993/1
DICKS,https://cdn.frankerfacez.com/emoticon/19972/1
PLEASENO,https://cdn.frankerfacez.com/emoticon/229368/1
Pepepains,https://cdn.frankerfacez.com/emoticon/227992/1
AmaRekt,https://cdn.frankerfacez.com/emoticon/10043/1
HYPERDANSGAME,https://cdn.frankerfacez.com/emoticon/261915/1
monkaW,https://cdn.frankerfacez.com/emoticon/214681/1
BibleBag,https://cdn.frankerfacez.com/emoticon/20706/1
Dolan,https://cdn.frankerfacez.com/emoticon/25933/1
KannaNom,https://cdn.frankerfacez.com/emoticon/230487/1
FeelsAmazingMan,https://cdn.frankerfacez.com/emoticon/119883/1
RNGplz,https://cdn.frankerfacez.com/emoticon/30469/1
PillowNo,https://cdn.frankerfacez.com/emoticon/235238/1
PillowYes,https://cdn.frankerfacez.com/emoticon/235239/1
SmugPepe,https://cdn.frankerfacez.com/emoticon/12042/1
YouDied,https://cdn.frankerfacez.com/emoticon/47399/1
PogCena,https://cdn.frankerfacez.com/emoticon/38540/1
CirnoBaka,https://cdn.frankerfacez.com/emoticon/28726/1
pepeGun,https://cdn.frankerfacez.com/emoticon/52831/1
monkaHmm,https://cdn.frankerfacez.com/emoticon/240746/1
4HEader,https://cdn.frankerfacez.com/emoticon/165784/1
pepeL,https://cdn.frankerfacez.com/emoticon/200804/1
WanWan,https://cdn.frankerfacez.com/emoticon/25551/1
peepoHappy,https://cdn.frankerfacez.com/emoticon/228449/1
eShrug,https://cdn.frankerfacez.com/emoticon/107715/1
DesuOP,https://cdn.frankerfacez.com/emoticon/6490/1
RoWOW,https://cdn.frankerfacez.com/emoticon/229101/1
Hahaa,https://cdn.frankerfacez.com/emoticon/57611/1
TooGood,https://cdn.frankerfacez.com/emoticon/230000/1
NyanPasu,https://cdn.frankerfacez.com/emoticon/34318/1
monkaGIGA,https://cdn.frankerfacez.com/emoticon/183221/1
TRIGGERED,https://cdn.frankerfacez.com/emoticon/120593/1
Magoo,https://cdn.frankerfacez.com/emoticon/27041/1
FeelsGladMan,https://cdn.frankerfacez.com/emoticon/69627/1
POI,https://cdn.frankerfacez.com/emoticon/229122/1
Thonk,https://cdn.frankerfacez.com/emoticon/191246/1
AndKnuckles,https://cdn.frankerfacez.com/emoticon/24999/1
FeelsRageMan,https://cdn.frankerfacez.com/emoticon/53418/1
FeelsDankMan,https://cdn.frankerfacez.com/emoticon/167677/1
PressF,https://cdn.frankerfacez.com/emoticon/28798/1
WeirdChamp,https://cdn.frankerfacez.com/emoticon/262468/1
DontBully,https://cdn.frankerfacez.com/emoticon/151133/1
ThinkingFaceEmoji,https://cdn.frankerfacez.com/emoticon/118036/1
GAMEOVER,https://cdn.frankerfacez.com/emoticon/26694/1
RunOgre,https://cdn.frankerfacez.com/emoticon/25321/1
Catgasm,https://cdn.frankerfacez.com/emoticon/40837/1
VWasted,https://cdn.frankerfacez.com/emoticon/27962/1
TeeHee,https://cdn.frankerfacez.com/emoticon/151637/1
WideHard,https://cdn.frankerfacez.com/emoticon/246878/1
LurkMode,https://cdn.frankerfacez.com/emoticon/38914/1
KannaPolice,https://cdn.frankerfacez.com/emoticon/201877/1
KKona,https://cdn.frankerfacez.com/emoticon/167498/1
NepYay,https://cdn.frankerfacez.com/emoticon/39656/1
PassTheBleach,https://cdn.frankerfacez.com/emoticon/40284/1
FacePalm,https://cdn.frankerfacez.com/emoticon/70179/1
WaitWhat,https://cdn.frankerfacez.com/emoticon/47416/1
gachiHYPER,https://cdn.frankerfacez.com/emoticon/196406/1
FeelsSadMan,https://cdn.frankerfacez.com/emoticon/132030/1
ABABABABA,https://cdn.frankerfacez.com/emoticon/82321/1
stopS,https://cdn.frankerfacez.com/emoticon/45622/1
HyperLUL,https://cdn.frankerfacez.com/emoticon/167825/1
monkaEyes,https://cdn.frankerfacez.com/emoticon/268204/1
SHIREE,https://cdn.frankerfacez.com/emoticon/157968/1
HEYYEYAAEYAAAEYAEYAA,https://cdn.frankerfacez.com/emoticon/49777/1
KermitComfy,https://cdn.frankerfacez.com/emoticon/47941/1
MuscleR,https://cdn.frankerfacez.com/emoticon/45579/1
LickMe,https://cdn.frankerfacez.com/emoticon/28453/1
PepeLmao,https://cdn.frankerfacez.com/emoticon/214658/1
OpieOShaq,https://cdn.frankerfacez.com/emoticon/22932/1
MuscleL,https://cdn.frankerfacez.com/emoticon/45580/1
ILuvU,https://cdn.frankerfacez.com/emoticon/17914/1
PoiGasm,https://cdn.frankerfacez.com/emoticon/28971/1
ToroSalt,https://cdn.frankerfacez.com/emoticon/35752/1
PepeREE,https://cdn.frankerfacez.com/emoticon/197689/1
monkaThink,https://cdn.frankerfacez.com/emoticon/201690/1
monkaT,https://cdn.frankerfacez.com/emoticon/209084/1
ConcernFroge,https://cdn.frankerfacez.com/emoticon/121482/1
peepoSad,https://cdn.frankerfacez.com/emoticon/230082/1
MikuComfy,https://cdn.frankerfacez.com/emoticon/229997/1
4Heads,https://cdn.frankerfacez.com/emoticon/31307/1
RoWOOW,https://cdn.frankerfacez.com/emoticon/176594/1
PoiPoi,https://cdn.frankerfacez.com/emoticon/29072/1
HungryTag,https://cdn.frankerfacez.com/emoticon/5233/1
KKoooona,https://cdn.frankerfacez.com/emoticon/164405/1
5Head,https://cdn.frankerfacez.com/emoticon/239504/1
GotEm,https://cdn.frankerfacez.com/emoticon/20459/1
YuuBooty,https://cdn.frankerfacez.com/emoticon/51289/1
ChogPamp,https://cdn.frankerfacez.com/emoticon/118164/1
NiceHost,https://cdn.frankerfacez.com/emoticon/81451/1
GoodNight,https://cdn.frankerfacez.com/emoticon/75688/1
xbn,https://cdn.frankerfacez.com/emoticon/1383/1
FeelsWeirdManW,https://cdn.frankerfacez.com/emoticon/208616/1
FeelGood,https://cdn.frankerfacez.com/emoticon/230004/1
GoodMorning,https://cdn.frankerfacez.com/emoticon/75689/1
HeheHehe,https://cdn.frankerfacez.com/emoticon/230003/1
BBona,https://cdn.frankerfacez.com/emoticon/186727/1
TerrIffyed,https://cdn.frankerfacez.com/emoticon/63736/1
FeelsBirthdayMan,https://cdn.frankerfacez.com/emoticon/52846/1
MegaLUL,https://cdn.frankerfacez.com/emoticon/119959/1
AWOOOO,https://cdn.frankerfacez.com/emoticon/27533/1
Kappa_420,https://cdn.frankerfacez.com/emoticon/48137/1
gachiPRIDE,https://cdn.frankerfacez.com/emoticon/147553/1
noxSorry,https://cdn.frankerfacez.com/emoticon/142957/1
TriEasy,https://cdn.frankerfacez.com/emoticon/25122/1
DoggFace,https://cdn.frankerfacez.com/emoticon/25187/1
VanillaChamp,https://cdn.frankerfacez.com/emoticon/229992/1
UhOh,https://cdn.frankerfacez.com/emoticon/21833/1
ComfyTag,https://cdn.frankerfacez.com/emoticon/230187/1
MeguminHappy,https://cdn.frankerfacez.com/emoticon/85103/1
FeelsWowMan,https://cdn.frankerfacez.com/emoticon/182473/1
YesLikeThis,https://cdn.frankerfacez.com/emoticon/51202/1
monkaSSS,https://cdn.frankerfacez.com/emoticon/201363/1
ThatBooty,https://cdn.frankerfacez.com/emoticon/53280/1
4Mansion,https://cdn.frankerfacez.com/emoticon/243264/1
TriggereD,https://cdn.frankerfacez.com/emoticon/29231/1
ExpansionPak,https://cdn.frankerfacez.com/emoticon/25189/1
RemEhehe,https://cdn.frankerfacez.com/emoticon/229998/1
FeelsStrongMan,https://cdn.frankerfacez.com/emoticon/64210/1
Chag,https://cdn.frankerfacez.com/emoticon/243296/1
COGGERS,https://cdn.frankerfacez.com/emoticon/250618/1
BadSpeedrun,https://cdn.frankerfacez.com/emoticon/65228/1
SmileW,https://cdn.frankerfacez.com/emoticon/179088/1
Kermitpls,https://cdn.frankerfacez.com/emoticon/33947/1
monkaO,https://cdn.frankerfacez.com/emoticon/165806/1
Salutezume,https://cdn.frankerfacez.com/emoticon/86406/1
monkaX,https://cdn.frankerfacez.com/emoticon/226921/1
noxWhat,https://cdn.frankerfacez.com/emoticon/142956/1
PillowMaybe,https://cdn.frankerfacez.com/emoticon/29080/1
HYPEtime,https://cdn.frankerfacez.com/emoticon/39568/1
PresidentSleeper,https://cdn.frankerfacez.com/emoticon/27039/1
NiceMeme!,https://cdn.frankerfacez.com/emoticon/23043/1
PicardWTF,https://cdn.frankerfacez.com/emoticon/49640/1
NepWink,https://cdn.frankerfacez.com/emoticon/74602/1
Pogomega,https://cdn.frankerfacez.com/emoticon/220711/1
MaN,https://cdn.frankerfacez.com/emoticon/266564/1
TopPika,https://cdn.frankerfacez.com/emoticon/18149/1
VapeNation,https://cdn.frankerfacez.com/emoticon/92333/1
sOk,https://cdn.frankerfacez.com/emoticon/70405/1
VictoryScreech,https://cdn.frankerfacez.com/emoticon/26865/1
gachiF,https://cdn.frankerfacez.com/emoticon/238016/1
NepDerp,https://cdn.frankerfacez.com/emoticon/61879/1
oie,https://cdn.frankerfacez.com/emoticon/25942/1
KermitENOUGH,https://cdn.frankerfacez.com/emoticon/134065/1
OhMy,https://cdn.frankerfacez.com/emoticon/34312/1
Pepe,https://cdn.frankerfacez.com/emoticon/12055/1
GoldenKappa,https://cdn.frankerfacez.com/emoticon/77198/1
AnimeBoy,https://cdn.frankerfacez.com/emoticon/81227/1
ErynStaryn,https://cdn.frankerfacez.com/emoticon/109523/1
HYPERHARDW,https://cdn.frankerfacez.com/emoticon/214126/1
FeelsTastyMan,https://cdn.frankerfacez.com/emoticon/213195/1
2Pro4U,https://cdn.frankerfacez.com/emoticon/46683/1
KannaWOT,https://cdn.frankerfacez.com/emoticon/230185/1
4Town,https://cdn.frankerfacez.com/emoticon/261802/1
ReimuPalm,https://cdn.frankerfacez.com/emoticon/35054/1
YeahBoi,https://cdn.frankerfacez.com/emoticon/43360/1
FailerZ,https://cdn.frankerfacez.com/emoticon/8785/1
JustRight,https://cdn.frankerfacez.com/emoticon/93535/1
WTFgurl,https://cdn.frankerfacez.com/emoticon/40795/1
LewdMouth,https://cdn.frankerfacez.com/emoticon/29068/1
PizzaParty,https://cdn.frankerfacez.com/emoticon/34532/1
Krappa,https://cdn.frankerfacez.com/emoticon/36263/1
OkuuFlare,https://cdn.frankerfacez.com/emoticon/29069/1
DaijouBooty,https://cdn.frankerfacez.com/emoticon/101939/1
MingLow,https://cdn.frankerfacez.com/emoticon/164124/1
4Gitte,https://cdn.frankerfacez.com/emoticon/249850/1
SeriousSpeedrun,https://cdn.frankerfacez.com/emoticon/26220/1
WooferWhat,https://cdn.frankerfacez.com/emoticon/81780/1
MOIST,https://cdn.frankerfacez.com/emoticon/29967/1
NotSureIf,https://cdn.frankerfacez.com/emoticon/43503/1
Thonking,https://cdn.frankerfacez.com/emoticon/155679/1
REEEE,https://cdn.frankerfacez.com/emoticon/61193/1
DoILookLikeIKnowWhatAFrankerFaceZeeIs,https://cdn.frankerfacez.com/emoticon/41767/1
GLOD,https://cdn.frankerfacez.com/emoticon/16291/1
essiPls,https://cdn.frankerfacez.com/emoticon/43052/1
SmugNep,https://cdn.frankerfacez.com/emoticon/35957/1
POOGERS,https://cdn.frankerfacez.com/emoticon/240443/1
DatBoi,https://cdn.frankerfacez.com/emoticon/98940/1
HONEYDETECTED,https://cdn.frankerfacez.com/emoticon/211702/1
RipUrn,https://cdn.frankerfacez.com/emoticon/27650/1
BottomsUp,https://cdn.frankerfacez.com/emoticon/230002/1
WoweeW,https://cdn.frankerfacez.com/emoticon/181160/1
DougDimmadomeOwnerOfTheDimmsdaleDimmadomeLookingOutHisDimmsdaleDimmadome,https://cdn.frankerfacez.com/emoticon/44708/1
ChocolaChamp,https://cdn.frankerfacez.com/emoticon/47856/1
NicoNii,https://cdn.frankerfacez.com/emoticon/29077/1
Kappap,https://cdn.frankerfacez.com/emoticon/34827/1
LoveBag,https://cdn.frankerfacez.com/emoticon/34678/1
NeverGiveUp,https://cdn.frankerfacez.com/emoticon/15120/1
FeelsAkariMan,https://cdn.frankerfacez.com/emoticon/229994/1
CatBoo,https://cdn.frankerfacez.com/emoticon/25793/1
DataFace,https://cdn.frankerfacez.com/emoticon/14567/1
monikaS,https://cdn.frankerfacez.com/emoticon/214644/1
vineLore,https://cdn.frankerfacez.com/emoticon/237207/1
KannaBlob,https://cdn.frankerfacez.com/emoticon/167504/1
OpieOBee,https://cdn.frankerfacez.com/emoticon/31166/1
monkaStare,https://cdn.frankerfacez.com/emoticon/229904/1
Costanza,https://cdn.frankerfacez.com/emoticon/2532/1
pepoHmm,https://cdn.frankerfacez.com/emoticon/204804/1
BasedGod,https://cdn.frankerfacez.com/emoticon/27759/1
RatedL,https://cdn.frankerfacez.com/emoticon/78488/1
tooDank,https://cdn.frankerfacez.com/emoticon/128585/1
FeelsGoodEnoughMan,https://cdn.frankerfacez.com/emoticon/87528/1
KannaWave,https://cdn.frankerfacez.com/emoticon/186320/1
FeelsThinkingMan,https://cdn.frankerfacez.com/emoticon/197630/1
NepBaka,https://cdn.frankerfacez.com/emoticon/99807/1
NickyQ,https://cdn.frankerfacez.com/emoticon/156369/1
KurisuFact,https://cdn.frankerfacez.com/emoticon/29070/1
GumiStare,https://cdn.frankerfacez.com/emoticon/229530/1
KannaWant,https://cdn.frankerfacez.com/emoticon/158733/1
RESET,https://cdn.frankerfacez.com/emoticon/21054/1
LukaShock,https://cdn.frankerfacez.com/emoticon/28969/1
OhNo,https://cdn.frankerfacez.com/emoticon/84914/1
Regginator,https://cdn.frankerfacez.com/emoticon/25383/1
Dreddgasm,https://cdn.frankerfacez.com/emoticon/29102/1
HeyMF,https://cdn.frankerfacez.com/emoticon/51247/1
PepoG,https://cdn.frankerfacez.com/emoticon/218530/1
StopStreaming,https://cdn.frankerfacez.com/emoticon/60729/1
MonkaS,https://cdn.frankerfacez.com/emoticon/266081/1
CosmicBrain,https://cdn.frankerfacez.com/emoticon/181164/1
OMEGAZULUL,https://cdn.frankerfacez.com/emoticon/172861/1
HiKibbi,https://cdn.frankerfacez.com/emoticon/8704/1
TwitchCops,https://cdn.frankerfacez.com/emoticon/31424/1
GTChimp,https://cdn.frankerfacez.com/emoticon/228628/1
AnimeThump,https://cdn.frankerfacez.com/emoticon/41191/1
OOOOOHOHOHO,https://cdn.frankerfacez.com/emoticon/53827/1
DrakTip,https://cdn.frankerfacez.com/emoticon/53578/1
NiceSoftlock,https://cdn.frankerfacez.com/emoticon/30164/1
vineVolume,https://cdn.frankerfacez.com/emoticon/237191/1
MikuRawr,https://cdn.frankerfacez.com/emoticon/229995/1
BlastZ,https://cdn.frankerfacez.com/emoticon/83532/1
Contem,https://cdn.frankerfacez.com/emoticon/75245/1
PogChap,https://cdn.frankerfacez.com/emoticon/14935/1
TheFeels,https://cdn.frankerfacez.com/emoticon/151642/1
ZULOL,https://cdn.frankerfacez.com/emoticon/218588/1
peepoHug,https://cdn.frankerfacez.com/emoticon/237403/1
peepoCheer,https://cdn.frankerfacez.com/emoticon/217349/1
gachiGAZUMU,https://cdn.frankerfacez.com/emoticon/79178/1
Yee,https://cdn.frankerfacez.com/emoticon/8472/1
cmonBrother,https://cdn.frankerfacez.com/emoticon/227704/1
pepoS,https://cdn.frankerfacez.com/emoticon/202129/1
PinguZ,https://cdn.frankerfacez.com/emoticon/38130/1
VertWhat,https://cdn.frankerfacez.com/emoticon/102983/1
HAhaa,https://cdn.frankerfacez.com/emoticon/144811/1
SpongeBobLookingOutHisWindow,https://cdn.frankerfacez.com/emoticon/39146/1
ppL,https://cdn.frankerfacez.com/emoticon/229544/1
HeyPal,https://cdn.frankerfacez.com/emoticon/45103/1
PogChimp,https://cdn.frankerfacez.com/emoticon/31401/1
vineToad,https://cdn.frankerfacez.com/emoticon/237210/1
PlutiaStare,https://cdn.frankerfacez.com/emoticon/58145/1
2Booty,https://cdn.frankerfacez.com/emoticon/154097/1
vineMeat,https://cdn.frankerfacez.com/emoticon/249199/1
Clappa,https://cdn.frankerfacez.com/emoticon/34804/1
DougDimmadomeOwnerOfTheDimmsdaleDimmadomeLookingOutHisDimmsdaleDimmadomeLookingOutSpongebobsWindowAndKnucklesFtDanteDOIT,https://cdn.frankerfacez.com/emoticon/45368/1
vineTingle,https://cdn.frankerfacez.com/emoticon/237188/1
GrumpDump,https://cdn.frankerfacez.com/emoticon/31481/1
SunWithFaceClap,https://cdn.frankerfacez.com/emoticon/219659/1
vineEyes,https://cdn.frankerfacez.com/emoticon/237213/1
HYPERDANSGAMEW,https://cdn.frankerfacez.com/emoticon/242861/1
vinePant,https://cdn.frankerfacez.com/emoticon/238837/1
SayGah,https://cdn.frankerfacez.com/emoticon/78149/1
vineSalt,https://cdn.frankerfacez.com/emoticon/239189/1
KerMeme,https://cdn.frankerfacez.com/emoticon/41216/1
NoBully,https://cdn.frankerfacez.com/emoticon/19256/1
vineCorrupt,https://cdn.frankerfacez.com/emoticon/237189/1
LennyFace,https://cdn.frankerfacez.com/emoticon/28491/1
MingLUL,https://cdn.frankerfacez.com/emoticon/235491/1
vineChatyot,https://cdn.frankerfacez.com/emoticon/239191/1
RemFive,https://cdn.frankerfacez.com/emoticon/123346/1
vineRiker,https://cdn.frankerfacez.com/emoticon/238280/1
LOMEGALU,https://cdn.frankerfacez.com/emoticon/239904/1
vineBot,https://cdn.frankerfacez.com/emoticon/237208/1
KermitTea,https://cdn.frankerfacez.com/emoticon/47945/1
CoolCatBag,https://cdn.frankerfacez.com/emoticon/41091/1
vineMemory,https://cdn.frankerfacez.com/emoticon/239193/1
RikkaWOW,https://cdn.frankerfacez.com/emoticon/64450/1
NekoGasm,https://cdn.frankerfacez.com/emoticon/34856/1
vineArrows,https://cdn.frankerfacez.com/emoticon/237190/1
nepsMug,https://cdn.frankerfacez.com/emoticon/230088/1
RektM8,https://cdn.frankerfacez.com/emoticon/29237/1
pajaCMON,https://cdn.frankerfacez.com/emoticon/177686/1
monkaR,https://cdn.frankerfacez.com/emoticon/185464/1
SugoiDesu,https://cdn.frankerfacez.com/emoticon/41459/1
NepThug,https://cdn.frankerfacez.com/emoticon/102982/1
MEGALEE,https://cdn.frankerfacez.com/emoticon/121049/1
LUL,https://cdn.frankerfacez.com/emoticon/112519/1
POWAH,https://cdn.frankerfacez.com/emoticon/45578/1
Feuer,https://cdn.frankerfacez.com/emoticon/160472/1
GameOver,https://cdn.frankerfacez.com/emoticon/14061/1
monkaMega,https://cdn.frankerfacez.com/emoticon/201364/1
monkaSpeed,https://cdn.frankerfacez.com/emoticon/260557/1
GitGud,https://cdn.frankerfacez.com/emoticon/55686/1
KappaFish,https://cdn.frankerfacez.com/emoticon/44109/1
KevinSquirtle,https://cdn.frankerfacez.com/emoticon/18146/1
TwitchThump,https://cdn.frankerfacez.com/emoticon/28414/1
EXPLOSION,https://cdn.frankerfacez.com/emoticon/115412/1
YanStabR,https://cdn.frankerfacez.com/emoticon/104226/1
vineGordon,https://cdn.frankerfacez.com/emoticon/242380/1
MingBee,https://cdn.frankerfacez.com/emoticon/67397/1
SpongeArmR,https://cdn.frankerfacez.com/emoticon/30624/1
OMEGALULEatingAnEggplant,https://cdn.frankerfacez.com/emoticon/210423/1
vineFisheye,https://cdn.frankerfacez.com/emoticon/237195/1
Pepega,https://cdn.frankerfacez.com/emoticon/243789/1
vineLenny,https://cdn.frankerfacez.com/emoticon/241409/1
LewdHina,https://cdn.frankerfacez.com/emoticon/90414/1
CarltonOP,https://cdn.frankerfacez.com/emoticon/34380/1
PepeFrog,https://cdn.frankerfacez.com/emoticon/10939/1
pepeComfy,https://cdn.frankerfacez.com/emoticon/117885/1
sPuke,https://cdn.frankerfacez.com/emoticon/26035/1
SpongeArmL,https://cdn.frankerfacez.com/emoticon/30623/1
HeyOP,https://cdn.frankerfacez.com/emoticon/31930/1
mahYandere,https://cdn.frankerfacez.com/emoticon/33889/1
PepeThink,https://cdn.frankerfacez.com/emoticon/258482/1
ggxHard,https://cdn.frankerfacez.com/emoticon/240523/1
Krustygasm,https://cdn.frankerfacez.com/emoticon/27078/1
Nopenope,https://cdn.frankerfacez.com/emoticon/9022/1
HappyTrees,https://cdn.frankerfacez.com/emoticon/13467/1
PerfectGame,https://cdn.frankerfacez.com/emoticon/30146/1
REEEEEE,https://cdn.frankerfacez.com/emoticon/201590/1
KannaSpooks,https://cdn.frankerfacez.com/emoticon/160438/1
MikuDoom,https://cdn.frankerfacez.com/emoticon/49696/1
NepNap,https://cdn.frankerfacez.com/emoticon/39655/1
NepRage,https://cdn.frankerfacez.com/emoticon/75178/1
iFink,https://cdn.frankerfacez.com/emoticon/96962/1
Lewd!,https://cdn.frankerfacez.com/emoticon/70014/1
monkaCozy,https://cdn.frankerfacez.com/emoticon/226927/1
POGGER,https://cdn.frankerfacez.com/emoticon/233181/1
forsenT,https://cdn.frankerfacez.com/emoticon/142606/1
monkaRage,https://cdn.frankerfacez.com/emoticon/204986/1
WTDuck,https://cdn.frankerfacez.com/emoticon/40053/1
MotteLewd,https://cdn.frankerfacez.com/emoticon/15829/1
OnDiscDLC,https://cdn.frankerfacez.com/emoticon/37074/1
vineDub,https://cdn.frankerfacez.com/emoticon/242375/1
MahoHuh,https://cdn.frankerfacez.com/emoticon/152217/1
SmoothMove,https://cdn.frankerfacez.com/emoticon/4853/1
RabidRacc,https://cdn.frankerfacez.com/emoticon/22701/1
pepoHYPE,https://cdn.frankerfacez.com/emoticon/214120/1
HYPE!,https://cdn.frankerfacez.com/emoticon/190370/1
OhImGay,https://cdn.frankerfacez.com/emoticon/166133/1
AWOO,https://cdn.frankerfacez.com/emoticon/58787/1
WutFaceW,https://cdn.frankerfacez.com/emoticon/168065/1
Oof,https://cdn.frankerfacez.com/emoticon/214279/1
FeelsDabMan,https://cdn.frankerfacez.com/emoticon/132023/1
CuteFlower,https://cdn.frankerfacez.com/emoticon/26629/1
Pogey,https://cdn.frankerfacez.com/emoticon/262805/1
4Heed,https://cdn.frankerfacez.com/emoticon/242432/1
MikuFail,https://cdn.frankerfacez.com/emoticon/52741/1
WooperZ,https://cdn.frankerfacez.com/emoticon/18150/1
NepGah,https://cdn.frankerfacez.com/emoticon/132054/1
ThankYou,https://cdn.frankerfacez.com/emoticon/45193/1
UzuMoe,https://cdn.frankerfacez.com/emoticon/87984/1
KannaPeer,https://cdn.frankerfacez.com/emoticon/162826/1
DontAtMe,https://cdn.frankerfacez.com/emoticon/198868/1
monkaChrist,https://cdn.frankerfacez.com/emoticon/243681/1
megaPalm,https://cdn.frankerfacez.com/emoticon/1327/1
SataniaSmug,https://cdn.frankerfacez.com/emoticon/228800/1
AYAYAY,https://cdn.frankerfacez.com/emoticon/250475/1
TohruSmug,https://cdn.frankerfacez.com/emoticon/166994/1
PeepoGlad,https://cdn.frankerfacez.com/emoticon/244322/1
BonkChamp,https://cdn.frankerfacez.com/emoticon/30745/1
NoticeMe,https://cdn.frankerfacez.com/emoticon/37759/1
RedSplitsLive,https://cdn.frankerfacez.com/emoticon/30028/1
OMEGALOL,https://cdn.frankerfacez.com/emoticon/271325/1
RIP,https://cdn.frankerfacez.com/emoticon/164177/1
vineSleepy,https://cdn.frankerfacez.com/emoticon/242379/1
4Shrug,https://cdn.frankerfacez.com/emoticon/226912/1
LOLdog,https://cdn.frankerfacez.com/emoticon/6817/1
RemKiss,https://cdn.frankerfacez.com/emoticon/111632/1
vinePray,https://cdn.frankerfacez.com/emoticon/248027/1
RemSleepy,https://cdn.frankerfacez.com/emoticon/151640/1
vapeCloud,https://cdn.frankerfacez.com/emoticon/156476/1
AmatsuCozy,https://cdn.frankerfacez.com/emoticon/94572/1
PogChampo,https://cdn.frankerfacez.com/emoticon/111164/1
ReimuGlare,https://cdn.frankerfacez.com/emoticon/28506/1
HYPERAYAYA,https://cdn.frankerfacez.com/emoticon/243397/1
ggxGang,https://cdn.frankerfacez.com/emoticon/237100/1
RipTheRun,https://cdn.frankerfacez.com/emoticon/30551/1
vineScoop,https://cdn.frankerfacez.com/emoticon/242376/1
PainsChamp,https://cdn.frankerfacez.com/emoticon/263297/1
PlutieStare,https://cdn.frankerfacez.com/emoticon/96381/1
monakS,https://cdn.frankerfacez.com/emoticon/184836/1
GearGasm,https://cdn.frankerfacez.com/emoticon/47055/1
gachiBASS,https://cdn.frankerfacez.com/emoticon/273779/1
peepoS,https://cdn.frankerfacez.com/emoticon/228448/1
RamFive,https://cdn.frankerfacez.com/emoticon/123345/1
69percent,https://cdn.frankerfacez.com/emoticon/28215/1
karenWat,https://cdn.frankerfacez.com/emoticon/36249/1
LinkThumbsUp,https://cdn.frankerfacez.com/emoticon/57282/1
DKThumb,https://cdn.frankerfacez.com/emoticon/39136/1
dogeKek,https://cdn.frankerfacez.com/emoticon/126684/1
EXTERMINATE,https://cdn.frankerfacez.com/emoticon/72296/1
peepoLove,https://cdn.frankerfacez.com/emoticon/250614/1
essiRage,https://cdn.frankerfacez.com/emoticon/66605/1
Kapppppa,https://cdn.frankerfacez.com/emoticon/24993/1
ResidentKirby,https://cdn.frankerfacez.com/emoticon/3303/1
vineSosig,https://cdn.frankerfacez.com/emoticon/248628/1
peepoDetective,https://cdn.frankerfacez.com/emoticon/234227/1
EhEhh,https://cdn.frankerfacez.com/emoticon/29067/1
PepeCool,https://cdn.frankerfacez.com/emoticon/185868/1
LoveNectar,https://cdn.frankerfacez.com/emoticon/46050/1
kannaFU,https://cdn.frankerfacez.com/emoticon/173046/1
TriHardW,https://cdn.frankerfacez.com/emoticon/158595/1
monkaGUN,https://cdn.frankerfacez.com/emoticon/267467/1
AmatsukazeFloat,https://cdn.frankerfacez.com/emoticon/53823/1
ozonF,https://cdn.frankerfacez.com/emoticon/234409/1
BibelCry,https://cdn.frankerfacez.com/emoticon/24576/1
MapLewd,https://cdn.frankerfacez.com/emoticon/153007/1
peepoShrug,https://cdn.frankerfacez.com/emoticon/228447/1
lulWut,https://cdn.frankerfacez.com/emoticon/249979/1
punDog,https://cdn.frankerfacez.com/emoticon/55739/1
YanStabL,https://cdn.frankerfacez.com/emoticon/104225/1
POGGIES,https://cdn.frankerfacez.com/emoticon/257284/1
FeelsModMan,https://cdn.frankerfacez.com/emoticon/59357/1
cirPomp,https://cdn.frankerfacez.com/emoticon/229668/1
MarioKappa,https://cdn.frankerfacez.com/emoticon/58142/1
numan,https://cdn.frankerfacez.com/emoticon/26493/1
4Play,https://cdn.frankerfacez.com/emoticon/254764/1
WTFCat,https://cdn.frankerfacez.com/emoticon/37900/1
ShaqChamp,https://cdn.frankerfacez.com/emoticon/25898/1
HYPERSMILE,https://cdn.frankerfacez.com/emoticon/263889/1
PikaThump,https://cdn.frankerfacez.com/emoticon/27735/1
OhICantSee,https://cdn.frankerfacez.com/emoticon/117822/1
catbag3,https://cdn.frankerfacez.com/emoticon/31947/1
SadShip,https://cdn.frankerfacez.com/emoticon/35699/1
vineGooey,https://cdn.frankerfacez.com/emoticon/246235/1
peepoHurt,https://cdn.frankerfacez.com/emoticon/253513/1
MINGLEE,https://cdn.frankerfacez.com/emoticon/97167/1
PogCamp,https://cdn.frankerfacez.com/emoticon/65447/1
MamiDosh,https://cdn.frankerfacez.com/emoticon/12744/1
CatInABox,https://cdn.frankerfacez.com/emoticon/44569/1
FeelsWayTooAmazingMan,https://cdn.frankerfacez.com/emoticon/157150/1
temMIE,https://cdn.frankerfacez.com/emoticon/62294/1
Lorl,https://cdn.frankerfacez.com/emoticon/49731/1
NepCurious,https://cdn.frankerfacez.com/emoticon/129391/1
AnimeTiddy,https://cdn.frankerfacez.com/emoticon/44840/1
IAStare,https://cdn.frankerfacez.com/emoticon/229531/1
!treat,https://cdn.frankerfacez.com/emoticon/6709/1
Pupper,https://cdn.frankerfacez.com/emoticon/79520/1
BlankSpace,https://cdn.frankerfacez.com/emoticon/28020/1
PokeSlow,https://cdn.frankerfacez.com/emoticon/112880/1
BabyThump,https://cdn.frankerfacez.com/emoticon/31291/1
NoireBest,https://cdn.frankerfacez.com/emoticon/80066/1
WrongHole,https://cdn.frankerfacez.com/emoticon/28635/1
pepoDerp,https://cdn.frankerfacez.com/emoticon/164704/1
monkaHands,https://cdn.frankerfacez.com/emoticon/241127/1
TooNep,https://cdn.frankerfacez.com/emoticon/77629/1
CoffeeTime,https://cdn.frankerfacez.com/emoticon/35745/1
MSPaintBeast,https://cdn.frankerfacez.com/emoticon/50888/1
hopeLUL,https://cdn.frankerfacez.com/emoticon/200484/1
forsen1LookingOutOfHisWindow,https://cdn.frankerfacez.com/emoticon/140882/1
SataniaWaa,https://cdn.frankerfacez.com/emoticon/164192/1
hopeChamp,https://cdn.frankerfacez.com/emoticon/200483/1
ANDTHISISTOGOEVENFURTHERBEYOND,https://cdn.frankerfacez.com/emoticon/126844/1
Blub,https://cdn.frankerfacez.com/emoticon/44797/1
ChinoStare,https://cdn.frankerfacez.com/emoticon/65229/1
AhriSenpai,https://cdn.frankerfacez.com/emoticon/154642/1
ZULULW,https://cdn.frankerfacez.com/emoticon/155538/1
KongouDerp,https://cdn.frankerfacez.com/emoticon/55133/1
CatChamp,https://cdn.frankerfacez.com/emoticon/40915/1
PepeRIP,https://cdn.frankerfacez.com/emoticon/252124/1
Poggers,https://cdn.frankerfacez.com/emoticon/270777/1
vineDrake,https://cdn.frankerfacez.com/emoticon/252067/1
shyDog,https://cdn.frankerfacez.com/emoticon/85538/1
DankMemes,https://cdn.frankerfacez.com/emoticon/34410/1
Kregysam,https://cdn.frankerfacez.com/emoticon/37391/1
PeepoWeird,https://cdn.frankerfacez.com/emoticon/243682/1
ResetsLive,https://cdn.frankerfacez.com/emoticon/75416/1
GatoBolso,https://cdn.frankerfacez.com/emoticon/21800/1
dale,https://cdn.frankerfacez.com/emoticon/28507/1
OMEGAPOGGERS,https://cdn.frankerfacez.com/emoticon/238937/1
NinoFace,https://cdn.frankerfacez.com/emoticon/220000/1
SheLookedLikeSheHadNeverSeenAnythingQuiteSoHorribleInAllHerLife,https://cdn.frankerfacez.com/emoticon/44973/1
pepoDJ,https://cdn.frankerfacez.com/emoticon/206378/1
BigBag,https://cdn.frankerfacez.com/emoticon/19242/1
TuckMeIn,https://cdn.frankerfacez.com/emoticon/18290/1
MapleRage,https://cdn.frankerfacez.com/emoticon/52742/1
bhdkHype,https://cdn.frankerfacez.com/emoticon/29662/1
VanillaGasm,https://cdn.frankerfacez.com/emoticon/84451/1
catbag1,https://cdn.frankerfacez.com/emoticon/31946/1
catbag2,https://cdn.frankerfacez.com/emoticon/31948/1
TRIYAYA,https://cdn.frankerfacez.com/emoticon/262654/1
peepoEZ,https://cdn.frankerfacez.com/emoticon/225468/1
4Headest,https://cdn.frankerfacez.com/emoticon/165600/1
catbag4,https://cdn.frankerfacez.com/emoticon/31945/1
FeelsSmartMan,https://cdn.frankerfacez.com/emoticon/177424/1
ShowMeTheBooty,https://cdn.frankerfacez.com/emoticon/62526/1
UmaruSleeper,https://cdn.frankerfacez.com/emoticon/50803/1
DittoForDays,https://cdn.frankerfacez.com/emoticon/12886/1
ForsenC,https://cdn.frankerfacez.com/emoticon/121110/1
sWonder,https://cdn.frankerfacez.com/emoticon/26050/1
ClapClap,https://cdn.frankerfacez.com/emoticon/27996/1
YanLikeThis,https://cdn.frankerfacez.com/emoticon/168931/1
HyPe,https://cdn.frankerfacez.com/emoticon/89701/1
NinoHuh,https://cdn.frankerfacez.com/emoticon/219991/1
HeGotEm,https://cdn.frankerfacez.com/emoticon/69506/1
GearCheer,https://cdn.frankerfacez.com/emoticon/99840/1
pepoSpecial,https://cdn.frankerfacez.com/emoticon/181826/1
Neck1,https://cdn.frankerfacez.com/emoticon/118916/1
YouLostMe,https://cdn.frankerfacez.com/emoticon/83636/1
RemHmpf,https://cdn.frankerfacez.com/emoticon/130069/1
Exploded,https://cdn.frankerfacez.com/emoticon/91550/1
REEEEE,https://cdn.frankerfacez.com/emoticon/235284/1
NastyPlot,https://cdn.frankerfacez.com/emoticon/29968/1
PovertyFrog,https://cdn.frankerfacez.com/emoticon/27043/1
Neck2,https://cdn.frankerfacez.com/emoticon/118918/1
PepoGun,https://cdn.frankerfacez.com/emoticon/235479/1
ThinkinG,https://cdn.frankerfacez.com/emoticon/133058/1
CoryZ,https://cdn.frankerfacez.com/emoticon/25000/1
YanPeek,https://cdn.frankerfacez.com/emoticon/170674/1
Neck3,https://cdn.frankerfacez.com/emoticon/118917/1
MarioFacepalm,https://cdn.frankerfacez.com/emoticon/2789/1
NanoDeath,https://cdn.frankerfacez.com/emoticon/45436/1
PogChomp,https://cdn.frankerfacez.com/emoticon/259795/1
GNOMED,https://cdn.frankerfacez.com/emoticon/257306/1
ThisIsNotFine,https://cdn.frankerfacez.com/emoticon/103244/1
Comfa,https://cdn.frankerfacez.com/emoticon/195847/1
KotoriXD,https://cdn.frankerfacez.com/emoticon/53347/1
TriPeek,https://cdn.frankerfacez.com/emoticon/243679/1
SplintReset,https://cdn.frankerfacez.com/emoticon/23837/1
WOGGERS,https://cdn.frankerfacez.com/emoticon/244028/1
ImpossibleGame,https://cdn.frankerfacez.com/emoticon/42146/1
PoiHug,https://cdn.frankerfacez.com/emoticon/92657/1
gachiW,https://cdn.frankerfacez.com/emoticon/200300/1
NepSnide,https://cdn.frankerfacez.com/emoticon/160039/1
FKINGTANAKA,https://cdn.frankerfacez.com/emoticon/49273/1
BibleTrump,https://cdn.frankerfacez.com/emoticon/53330/1
EZPZ,https://cdn.frankerfacez.com/emoticon/244447/1
YanLick,https://cdn.frankerfacez.com/emoticon/170675/1
KannaPoint,https://cdn.frankerfacez.com/emoticon/165068/1
FilthyCasual,https://cdn.frankerfacez.com/emoticon/27757/1
Caveman,https://cdn.frankerfacez.com/emoticon/106911/1
ApprehensivePikachu,https://cdn.frankerfacez.com/emoticon/47745/1
OPMerica,https://cdn.frankerfacez.com/emoticon/31142/1
NyaNya,https://cdn.frankerfacez.com/emoticon/238705/1
ReinFeh,https://cdn.frankerfacez.com/emoticon/220002/1
NepSmug,https://cdn.frankerfacez.com/emoticon/123491/1
OMEGABRUH,https://cdn.frankerfacez.com/emoticon/215694/1
GLOD!,https://cdn.frankerfacez.com/emoticon/1776/1
VoHiYoW,https://cdn.frankerfacez.com/emoticon/151122/1
PeekaBoo,https://cdn.frankerfacez.com/emoticon/54707/1
RollSafe,https://cdn.frankerfacez.com/emoticon/158471/1
DankeDanke,https://cdn.frankerfacez.com/emoticon/50246/1
FriendlyFriends,https://cdn.frankerfacez.com/emoticon/31636/1
GennyWrath,https://cdn.frankerfacez.com/emoticon/219989/1
TooFine,https://cdn.frankerfacez.com/emoticon/52939/1
BoneZone,https://cdn.frankerfacez.com/emoticon/58162/1
FeelsLoveMan,https://cdn.frankerfacez.com/emoticon/176251/1
PogChampion,https://cdn.frankerfacez.com/emoticon/237795/1
monkaCop,https://cdn.frankerfacez.com/emoticon/209083/1
Doing!Kirby,https://cdn.frankerfacez.com/emoticon/64037/1
YanAhh,https://cdn.frankerfacez.com/emoticon/192389/1
DannyDorito,https://cdn.frankerfacez.com/emoticon/27449/1
Poog,https://cdn.frankerfacez.com/emoticon/272256/1
miniOven,https://cdn.frankerfacez.com/emoticon/64808/1
MonkaGun,https://cdn.frankerfacez.com/emoticon/244315/1
PepeOMG,https://cdn.frankerfacez.com/emoticon/61935/1
SaitamaW,https://cdn.frankerfacez.com/emoticon/65236/1
RamKiss,https://cdn.frankerfacez.com/emoticon/111631/1
ShiNobu,https://cdn.frankerfacez.com/emoticon/34557/1
FeelsHugged,https://cdn.frankerfacez.com/emoticon/180696/1
YoDawg,https://cdn.frankerfacez.com/emoticon/43605/1
RemRem,https://cdn.frankerfacez.com/emoticon/115126/1
ComfyHiYo,https://cdn.frankerfacez.com/emoticon/152189/1
LinkChamp,https://cdn.frankerfacez.com/emoticon/56844/1
AyaNOO,https://cdn.frankerfacez.com/emoticon/70486/1
gunRt,https://cdn.frankerfacez.com/emoticon/82146/1
peepoRIP,https://cdn.frankerfacez.com/emoticon/244026/1
KannaComfy,https://cdn.frankerfacez.com/emoticon/156515/1
vineFOV,https://cdn.frankerfacez.com/emoticon/254566/1
IDOLGAMES,https://cdn.frankerfacez.com/emoticon/157514/1
FeelsUshankaMan,https://cdn.frankerfacez.com/emoticon/118860/1
KokoroSlain,https://cdn.frankerfacez.com/emoticon/247071/1
WeebsOut,https://cdn.frankerfacez.com/emoticon/273365/1
DogePride,https://cdn.frankerfacez.com/emoticon/125987/1
DogBag,https://cdn.frankerfacez.com/emoticon/46235/1
BanThem,https://cdn.frankerfacez.com/emoticon/77761/1
RoWIW,https://cdn.frankerfacez.com/emoticon/163530/1
YanCute,https://cdn.frankerfacez.com/emoticon/184474/1
bigJeb,https://cdn.frankerfacez.com/emoticon/140695/1
NoireBaka,https://cdn.frankerfacez.com/emoticon/91167/1
Spurdo,https://cdn.frankerfacez.com/emoticon/20835/1
PacAttack,https://cdn.frankerfacez.com/emoticon/10409/1
PillowZebbe,https://cdn.frankerfacez.com/emoticon/53444/1
PepeNice,https://cdn.frankerfacez.com/emoticon/257954/1
CatSavior,https://cdn.frankerfacez.com/emoticon/17059/1
ULTRALUL,https://cdn.frankerfacez.com/emoticon/130076/1
FailMario,https://cdn.frankerfacez.com/emoticon/21442/1
KappaMander,https://cdn.frankerfacez.com/emoticon/33995/1
RemComfy,https://cdn.frankerfacez.com/emoticon/114289/1
pepeREE,https://cdn.frankerfacez.com/emoticon/90220/1
BKlul,https://cdn.frankerfacez.com/emoticon/219990/1
feelsTense,https://cdn.frankerfacez.com/emoticon/210968/1
OMEGALULCEPTION,https://cdn.frankerfacez.com/emoticon/157701/1
FeelsBeerMan,https://cdn.frankerfacez.com/emoticon/122790/1
ChihayaKawaii,https://cdn.frankerfacez.com/emoticon/28710/1
CheepCheep,https://cdn.frankerfacez.com/emoticon/176108/1
FrankerZPride,https://cdn.frankerfacez.com/emoticon/40646/1
FrankerW,https://cdn.frankerfacez.com/emoticon/100319/1
pepoDab,https://cdn.frankerfacez.com/emoticon/225231/1
NepSly,https://cdn.frankerfacez.com/emoticon/90504/1
Pikawat,https://cdn.frankerfacez.com/emoticon/25812/1
Mmm,https://cdn.frankerfacez.com/emoticon/26029/1
BagCat,https://cdn.frankerfacez.com/emoticon/11420/1
CoolMagoo,https://cdn.frankerfacez.com/emoticon/51263/1
ThinkDorm,https://cdn.frankerfacez.com/emoticon/219967/1
JustDoIt,https://cdn.frankerfacez.com/emoticon/95499/1
bhdkRekt,https://cdn.frankerfacez.com/emoticon/29652/1
OhMyDogW,https://cdn.frankerfacez.com/emoticon/144328/1
OMGScoots,https://cdn.frankerfacez.com/emoticon/164043/1
PeepoPOGGERS,https://cdn.frankerfacez.com/emoticon/244343/1
NotLikeNico,https://cdn.frankerfacez.com/emoticon/99860/1
LilComfy,https://cdn.frankerfacez.com/emoticon/162380/1
ImOut,https://cdn.frankerfacez.com/emoticon/60207/1
ChampPog,https://cdn.frankerfacez.com/emoticon/74762/1
TagW,https://cdn.frankerfacez.com/emoticon/150727/1
FeelsHugMan,https://cdn.frankerfacez.com/emoticon/182474/1
MLADY,https://cdn.frankerfacez.com/emoticon/34531/1
monkaStretch,https://cdn.frankerfacez.com/emoticon/272145/1
SmallBrain,https://cdn.frankerfacez.com/emoticon/181163/1
Cutezume,https://cdn.frankerfacez.com/emoticon/86413/1
TracerXD,https://cdn.frankerfacez.com/emoticon/107714/1
SonicPlant,https://cdn.frankerfacez.com/emoticon/27546/1
Article13,https://cdn.frankerfacez.com/emoticon/280681/1
PogE,https://cdn.frankerfacez.com/emoticon/241188/1
WutBos,https://cdn.frankerfacez.com/emoticon/31198/1
MikuWhat,https://cdn.frankerfacez.com/emoticon/28970/1
LesGo,https://cdn.frankerfacez.com/emoticon/28286/1
KlazenMemes,https://cdn.frankerfacez.com/emoticon/40047/1
GokuPeace,https://cdn.frankerfacez.com/emoticon/80939/1
HawkPls,https://cdn.frankerfacez.com/emoticon/25102/1
KannaUpset,https://cdn.frankerfacez.com/emoticon/164360/1
WellDone,https://cdn.frankerfacez.com/emoticon/3897/1
4Header,https://cdn.frankerfacez.com/emoticon/155739/1
monkaBruh,https://cdn.frankerfacez.com/emoticon/201419/1
cmonBruhLookingOutHisWindow,https://cdn.frankerfacez.com/emoticon/83960/1
SagiriBleh,https://cdn.frankerfacez.com/emoticon/200659/1
PagChamp,https://cdn.frankerfacez.com/emoticon/204978/1
HammerTime,https://cdn.frankerfacez.com/emoticon/22084/1
LilBear,https://cdn.frankerfacez.com/emoticon/185586/1
ssChill,https://cdn.frankerfacez.com/emoticon/138571/1
KingFurry,https://cdn.frankerfacez.com/emoticon/47451/1
FailChan,https://cdn.frankerfacez.com/emoticon/145284/1
PogW,https://cdn.frankerfacez.com/emoticon/260738/1
ZuiZui,https://cdn.frankerfacez.com/emoticon/45431/1
gachiSleeper,https://cdn.frankerfacez.com/emoticon/237803/1
SleepyZebbe,https://cdn.frankerfacez.com/emoticon/37206/1
peepoCry,https://cdn.frankerfacez.com/emoticon/255468/1
Monkas,https://cdn.frankerfacez.com/emoticon/228940/1
RiggedGame,https://cdn.frankerfacez.com/emoticon/30147/1
YanDere,https://cdn.frankerfacez.com/emoticon/34307/1
OhMyDood,https://cdn.frankerfacez.com/emoticon/89824/1
NaM,https://cdn.frankerfacez.com/emoticon/191170/1
modsLUL,https://cdn.frankerfacez.com/emoticon/232333/1
NinoPump,https://cdn.frankerfacez.com/emoticon/166326/1
nekoLewd,https://cdn.frankerfacez.com/emoticon/7914/1
ShimakazeFloat,https://cdn.frankerfacez.com/emoticon/53822/1
sealW,https://cdn.frankerfacez.com/emoticon/77971/1
monkaMegaHands,https://cdn.frankerfacez.com/emoticon/227963/1
PepeSuspicious,https://cdn.frankerfacez.com/emoticon/266074/1
WatFac,https://cdn.frankerfacez.com/emoticon/57697/1
WrongHood,https://cdn.frankerfacez.com/emoticon/35323/1
KappaTrio,https://cdn.frankerfacez.com/emoticon/47794/1
02Stare,https://cdn.frankerfacez.com/emoticon/261746/1
peepoLife,https://cdn.frankerfacez.com/emoticon/250612/1
02Rage,https://cdn.frankerfacez.com/emoticon/264159/1
MakiPocky,https://cdn.frankerfacez.com/emoticon/99785/1
