name,id,count,src
Pog,210748,142234,https://cdn.frankerfacez.com/emoticon/210748/1
OMEGALUL,128054,132262,https://cdn.frankerfacez.com/emoticon/128054/1
PepeHands,231552,125291,https://cdn.frankerfacez.com/emoticon/231552/1
LULW,139407,110134,https://cdn.frankerfacez.com/emoticon/139407/1
Pepega,243789,109085,https://cdn.frankerfacez.com/emoticon/243789/1
widepeepoHappy,270930,101774,https://cdn.frankerfacez.com/emoticon/270930/1
PogU,256055,103858,https://cdn.frankerfacez.com/emoticon/256055/1
monkaW,214681,90031,https://cdn.frankerfacez.com/emoticon/214681/1
monkaS,130762,83024,https://cdn.frankerfacez.com/emoticon/130762/1
5Head,239504,89196,https://cdn.frankerfacez.com/emoticon/239504/1
WeirdChamp,262468,87980,https://cdn.frankerfacez.com/emoticon/262468/1
POGGERS,214129,89456,https://cdn.frankerfacez.com/emoticon/214129/1
KEKW,381875,93495,https://cdn.frankerfacez.com/emoticon/381875/1
AYAYA,162146,80981,https://cdn.frankerfacez.com/emoticon/162146/1
PepeLaugh,64785,100315,https://cdn.frankerfacez.com/emoticon/64785/1
FeelsBadMan,33355,67213,https://cdn.frankerfacez.com/emoticon/33355/1
widepeepoSad,303899,61810,https://cdn.frankerfacez.com/emoticon/303899/1
PagChomp,61496,63269,https://cdn.frankerfacez.com/emoticon/61496/1
FeelsOkayMan,145947,57917,https://cdn.frankerfacez.com/emoticon/145947/1
Kapp,218860,60807,https://cdn.frankerfacez.com/emoticon/218860/1
HYPERS,236895,58507,https://cdn.frankerfacez.com/emoticon/236895/1
HandsUp,229760,55291,https://cdn.frankerfacez.com/emoticon/229760/1
gachiGASM,103171,51304,https://cdn.frankerfacez.com/emoticon/103171/1
3Head,274406,50348,https://cdn.frankerfacez.com/emoticon/274406/1
FeelsWeirdMan,131597,45536,https://cdn.frankerfacez.com/emoticon/131597/1
EZY,185890,42583,https://cdn.frankerfacez.com/emoticon/185890/1
YEP,418189,44822,https://cdn.frankerfacez.com/emoticon/418189/1
PepoThink,174942,39187,https://cdn.frankerfacez.com/emoticon/174942/1
HYPERBRUH,204717,37856,https://cdn.frankerfacez.com/emoticon/204717/1
KKomrade,145916,38733,https://cdn.frankerfacez.com/emoticon/145916/1
PauseChamp,349048,39880,https://cdn.frankerfacez.com/emoticon/349048/1
monkaHmm,240746,46809,https://cdn.frankerfacez.com/emoticon/240746/1
forsenCD,249060,37634,https://cdn.frankerfacez.com/emoticon/249060/1
Sadge,425196,39713,https://cdn.frankerfacez.com/emoticon/425196/1
monkaOMEGA,167431,31783,https://cdn.frankerfacez.com/emoticon/167431/1
monkaTOS,237857,32090,https://cdn.frankerfacez.com/emoticon/237857/1
monkaGun,187256,33359,https://cdn.frankerfacez.com/emoticon/187256/1
FeelsGoodMan,109777,30019,https://cdn.frankerfacez.com/emoticon/109777/1
4HEad,128247,30255,https://cdn.frankerfacez.com/emoticon/128247/1
monkaEyes,268204,29077,https://cdn.frankerfacez.com/emoticon/268204/1
OkayChamp,280358,31619,https://cdn.frankerfacez.com/emoticon/280358/1
KKonaW,229486,28703,https://cdn.frankerfacez.com/emoticon/229486/1
peepoHappy,228449,28950,https://cdn.frankerfacez.com/emoticon/228449/1
weSmart,165742,25871,https://cdn.frankerfacez.com/emoticon/165742/1
peepoBlanket,262458,23322,https://cdn.frankerfacez.com/emoticon/262458/1
monkaMEGA,157576,22480,https://cdn.frankerfacez.com/emoticon/157576/1
monkaH,201362,23824,https://cdn.frankerfacez.com/emoticon/201362/1
REEeee,116831,21741,https://cdn.frankerfacez.com/emoticon/116831/1
FeelsSpecialMan,191854,20985,https://cdn.frankerfacez.com/emoticon/191854/1
FeelsStrongMan,64210,23204,https://cdn.frankerfacez.com/emoticon/64210/1
WideHardo,309114,18519,https://cdn.frankerfacez.com/emoticon/309114/1
WideHard,246878,20566,https://cdn.frankerfacez.com/emoticon/246878/1
FeelsDankMan,536927,19160,https://cdn.frankerfacez.com/emoticon/536927/1
Champ,216396,17926,https://cdn.frankerfacez.com/emoticon/216396/1
peepoSad,230082,16683,https://cdn.frankerfacez.com/emoticon/230082/1
peepoLove,250614,16529,https://cdn.frankerfacez.com/emoticon/250614/1
PepoG,218530,17185,https://cdn.frankerfacez.com/emoticon/218530/1
PogO,401202,15152,https://cdn.frankerfacez.com/emoticon/401202/1
KEKWait,390750,13879,https://cdn.frankerfacez.com/emoticon/390750/1
PepegaPhone,312720,11987,https://cdn.frankerfacez.com/emoticon/312720/1
4House,230495,11902,https://cdn.frankerfacez.com/emoticon/230495/1
Klappa,38879,12259,https://cdn.frankerfacez.com/emoticon/38879/1
HeavyBreathing,29990,11509,https://cdn.frankerfacez.com/emoticon/29990/1
PogYou,297232,12306,https://cdn.frankerfacez.com/emoticon/297232/1
YouDied,47399,12105,https://cdn.frankerfacez.com/emoticon/47399/1
pikachuS,298485,10114,https://cdn.frankerfacez.com/emoticon/298485/1
peepoWTF,267880,11163,https://cdn.frankerfacez.com/emoticon/267880/1
PressF,28798,9617,https://cdn.frankerfacez.com/emoticon/28798/1
DICKS,19972,9585,https://cdn.frankerfacez.com/emoticon/19972/1
peepoClown,318914,9556,https://cdn.frankerfacez.com/emoticon/318914/1
HYPERDANSGAME,261915,9101,https://cdn.frankerfacez.com/emoticon/261915/1
4Weird,308193,9742,https://cdn.frankerfacez.com/emoticon/308193/1
Pogey,262805,9170,https://cdn.frankerfacez.com/emoticon/262805/1
Thonk,191246,8741,https://cdn.frankerfacez.com/emoticon/191246/1
pepeJAM,341427,8686,https://cdn.frankerfacez.com/emoticon/341427/1
peepoFat,288800,9266,https://cdn.frankerfacez.com/emoticon/288800/1
SmileW,179088,8885,https://cdn.frankerfacez.com/emoticon/179088/1
widepeepoBlanket,337645,8275,https://cdn.frankerfacez.com/emoticon/337645/1
SillyChamp,368150,8729,https://cdn.frankerfacez.com/emoticon/368150/1
WaitWhat,47416,8845,https://cdn.frankerfacez.com/emoticon/47416/1
gachiHYPER,196406,8841,https://cdn.frankerfacez.com/emoticon/196406/1
MaN,266564,7810,https://cdn.frankerfacez.com/emoticon/266564/1
ThisIsFine,67872,7636,https://cdn.frankerfacez.com/emoticon/67872/1
TRIGGERED,120593,7481,https://cdn.frankerfacez.com/emoticon/120593/1
GG!,28071,8137,https://cdn.frankerfacez.com/emoticon/28071/1
Pepepains,227992,7220,https://cdn.frankerfacez.com/emoticon/227992/1
POGGIES,257284,7476,https://cdn.frankerfacez.com/emoticon/257284/1
2Head,294078,6777,https://cdn.frankerfacez.com/emoticon/294078/1
PainsChamp,263297,6739,https://cdn.frankerfacez.com/emoticon/263297/1
Hahaa,57611,6650,https://cdn.frankerfacez.com/emoticon/57611/1
JUSTDOIT,37311,6479,https://cdn.frankerfacez.com/emoticon/37311/1
monkaGIGA,183221,7446,https://cdn.frankerfacez.com/emoticon/183221/1
Clap,298847,6304,https://cdn.frankerfacez.com/emoticon/298847/1
POOGERS,240443,7043,https://cdn.frankerfacez.com/emoticon/240443/1
PepeLmao,214658,6299,https://cdn.frankerfacez.com/emoticon/214658/1
KKona,167498,6295,https://cdn.frankerfacez.com/emoticon/167498/1
gachiBASS,273779,6135,https://cdn.frankerfacez.com/emoticon/273779/1
EHEHE,101094,5690,https://cdn.frankerfacez.com/emoticon/101094/1
SuchMeme,27825,5651,https://cdn.frankerfacez.com/emoticon/27825/1
sadKEK,387103,5610,https://cdn.frankerfacez.com/emoticon/387103/1
Tuturu,25335,5593,https://cdn.frankerfacez.com/emoticon/25335/1
MEGALUL,419215,6068,https://cdn.frankerfacez.com/emoticon/419215/1
4Shrug,226912,5787,https://cdn.frankerfacez.com/emoticon/226912/1
peepoPog,302472,5391,https://cdn.frankerfacez.com/emoticon/302472/1
monkaChrist,243681,5875,https://cdn.frankerfacez.com/emoticon/243681/1
MikuStare,229996,5218,https://cdn.frankerfacez.com/emoticon/229996/1
StrimPlz,36318,5130,https://cdn.frankerfacez.com/emoticon/36318/1
peepoPoo,307828,5066,https://cdn.frankerfacez.com/emoticon/307828/1
OhISee,230001,4957,https://cdn.frankerfacez.com/emoticon/230001/1
stopS,45622,4823,https://cdn.frankerfacez.com/emoticon/45622/1
PeepoGlad,244322,5055,https://cdn.frankerfacez.com/emoticon/244322/1
FeelsWeirdManW,208616,4712,https://cdn.frankerfacez.com/emoticon/208616/1
FeelsAmazingMan,119883,4695,https://cdn.frankerfacez.com/emoticon/119883/1
monkaSpeed,260557,4672,https://cdn.frankerfacez.com/emoticon/260557/1
okiRIP,27204,4637,https://cdn.frankerfacez.com/emoticon/27204/1
peepoHug,237403,5260,https://cdn.frankerfacez.com/emoticon/237403/1
4WeirdW,325413,4491,https://cdn.frankerfacez.com/emoticon/325413/1
pepeGun,201244,6532,https://cdn.frankerfacez.com/emoticon/201244/1
AYAYAY,250475,4253,https://cdn.frankerfacez.com/emoticon/250475/1
eShrug,107715,4226,https://cdn.frankerfacez.com/emoticon/107715/1
TooLewd,229999,4170,https://cdn.frankerfacez.com/emoticon/229999/1
KannaNom,310289,4168,https://cdn.frankerfacez.com/emoticon/310289/1
PLEASENO,229368,4144,https://cdn.frankerfacez.com/emoticon/229368/1
FeelsBirthdayMan,52846,4131,https://cdn.frankerfacez.com/emoticon/52846/1
Okayge,410314,4128,https://cdn.frankerfacez.com/emoticon/410314/1
FacePalm,70179,4087,https://cdn.frankerfacez.com/emoticon/70179/1
nepSmug,151481,4012,https://cdn.frankerfacez.com/emoticon/151481/1
Bruh,294111,3767,https://cdn.frankerfacez.com/emoticon/294111/1
WideHarder,293191,3743,https://cdn.frankerfacez.com/emoticon/293191/1
4HEader,165784,3695,https://cdn.frankerfacez.com/emoticon/165784/1
PillowYes,235239,3688,https://cdn.frankerfacez.com/emoticon/235239/1
PillowNo,235238,3687,https://cdn.frankerfacez.com/emoticon/235238/1
coronaS,445967,3981,https://cdn.frankerfacez.com/emoticon/445967/1
ricardoFlick,303559,3585,https://cdn.frankerfacez.com/emoticon/303559/1
FeelsWowMan,182473,3524,https://cdn.frankerfacez.com/emoticon/182473/1
WutFaceW,168065,3508,https://cdn.frankerfacez.com/emoticon/168065/1
monkaT,209084,3508,https://cdn.frankerfacez.com/emoticon/209084/1
BootyTime,22080,3504,https://cdn.frankerfacez.com/emoticon/22080/1
Dolan,25933,3502,https://cdn.frankerfacez.com/emoticon/25933/1
SadCatW,453065,3480,https://cdn.frankerfacez.com/emoticon/453065/1
PepeREE,197689,3479,https://cdn.frankerfacez.com/emoticon/197689/1
RAGEY,263587,3472,https://cdn.frankerfacez.com/emoticon/263587/1
GoodMemes,15824,3330,https://cdn.frankerfacez.com/emoticon/15824/1
4Heed,242432,3161,https://cdn.frankerfacez.com/emoticon/242432/1
VaN,269928,3139,https://cdn.frankerfacez.com/emoticon/269928/1
RNGplz,30469,3130,https://cdn.frankerfacez.com/emoticon/30469/1
widepeepoHug,337787,3114,https://cdn.frankerfacez.com/emoticon/337787/1
SadChamp,343166,3107,https://cdn.frankerfacez.com/emoticon/343166/1
pepePoint,377799,3302,https://cdn.frankerfacez.com/emoticon/377799/1
VWasted,27962,2979,https://cdn.frankerfacez.com/emoticon/27962/1
ConcernFroge,121482,2949,https://cdn.frankerfacez.com/emoticon/121482/1
KannaPolice,201877,2880,https://cdn.frankerfacez.com/emoticon/201877/1
Daijoubu,229993,2841,https://cdn.frankerfacez.com/emoticon/229993/1
Stonks,428011,2831,https://cdn.frankerfacez.com/emoticon/428011/1
WTFF,241298,2795,https://cdn.frankerfacez.com/emoticon/241298/1
AmaRekt,10043,2770,https://cdn.frankerfacez.com/emoticon/10043/1
SmugPepe,12042,2655,https://cdn.frankerfacez.com/emoticon/12042/1
pepeLaugh,341767,2994,https://cdn.frankerfacez.com/emoticon/341767/1
pepeL,200804,2630,https://cdn.frankerfacez.com/emoticon/200804/1
peepoFinger,300667,3406,https://cdn.frankerfacez.com/emoticon/300667/1
PepeClown,318909,2593,https://cdn.frankerfacez.com/emoticon/318909/1
PeepoWeird,243682,2526,https://cdn.frankerfacez.com/emoticon/243682/1
NOP,422040,2322,https://cdn.frankerfacez.com/emoticon/422040/1
YuuBooty,51289,2321,https://cdn.frankerfacez.com/emoticon/51289/1
Pepege,341610,2918,https://cdn.frankerfacez.com/emoticon/341610/1
BOOMER,316078,2298,https://cdn.frankerfacez.com/emoticon/316078/1
Pogomega,220711,2293,https://cdn.frankerfacez.com/emoticon/220711/1
ToroSalt,35752,2290,https://cdn.frankerfacez.com/emoticon/35752/1
peepoPooPoo,313588,2270,https://cdn.frankerfacez.com/emoticon/313588/1
CosmicBrain,181164,2267,https://cdn.frankerfacez.com/emoticon/181164/1
FeelsRageMan,53418,2241,https://cdn.frankerfacez.com/emoticon/53418/1
NiceHost,81451,2206,https://cdn.frankerfacez.com/emoticon/81451/1
peepoKnife,270499,2202,https://cdn.frankerfacez.com/emoticon/270499/1
peepoPat,282166,2183,https://cdn.frankerfacez.com/emoticon/282166/1
Catgasm,40837,2182,https://cdn.frankerfacez.com/emoticon/40837/1
AYAYAHyper,278206,2174,https://cdn.frankerfacez.com/emoticon/278206/1
COGGERS,250618,2094,https://cdn.frankerfacez.com/emoticon/250618/1
4Town,261802,2076,https://cdn.frankerfacez.com/emoticon/261802/1
PogCena,38540,2060,https://cdn.frankerfacez.com/emoticon/38540/1
CatWhat,398047,2031,https://cdn.frankerfacez.com/emoticon/398047/1
RIP,164177,2001,https://cdn.frankerfacez.com/emoticon/164177/1
CirnoBaka,28726,1974,https://cdn.frankerfacez.com/emoticon/28726/1
KKoooona,164405,1974,https://cdn.frankerfacez.com/emoticon/164405/1
PogChomp,259795,1956,https://cdn.frankerfacez.com/emoticon/259795/1
monkaStop,277982,1949,https://cdn.frankerfacez.com/emoticon/277982/1
PepeSuspicious,266074,1947,https://cdn.frankerfacez.com/emoticon/266074/1
pepoHmm,204804,1944,https://cdn.frankerfacez.com/emoticon/204804/1
SadCat,357348,1938,https://cdn.frankerfacez.com/emoticon/357348/1
BibleBag,20706,1920,https://cdn.frankerfacez.com/emoticon/20706/1
TooGood,230000,1918,https://cdn.frankerfacez.com/emoticon/230000/1
monkaThink,201690,1844,https://cdn.frankerfacez.com/emoticon/201690/1
KermitENOUGH,134065,1843,https://cdn.frankerfacez.com/emoticon/134065/1
widepeepoFat,337760,1838,https://cdn.frankerfacez.com/emoticon/337760/1
KEKL,407009,1835,https://cdn.frankerfacez.com/emoticon/407009/1
WeebsOut,273365,2254,https://cdn.frankerfacez.com/emoticon/273365/1
HEYYEYAAEYAAAEYAEYAA,49777,1765,https://cdn.frankerfacez.com/emoticon/49777/1
BOGGED,274629,1742,https://cdn.frankerfacez.com/emoticon/274629/1
pOg,324468,2071,https://cdn.frankerfacez.com/emoticon/324468/1
AYAYAWeird,331926,1721,https://cdn.frankerfacez.com/emoticon/331926/1
GAMEOVER,26694,1720,https://cdn.frankerfacez.com/emoticon/26694/1
YeahBoi,43360,1720,https://cdn.frankerfacez.com/emoticon/43360/1
peepoSIMP,396371,1717,https://cdn.frankerfacez.com/emoticon/396371/1
peepoCheer,217349,1715,https://cdn.frankerfacez.com/emoticon/217349/1
KeK,265914,1712,https://cdn.frankerfacez.com/emoticon/265914/1
haHAA,285676,2129,https://cdn.frankerfacez.com/emoticon/285676/1
Kermitpls,33947,1707,https://cdn.frankerfacez.com/emoticon/33947/1
monkaO,165806,1707,https://cdn.frankerfacez.com/emoticon/165806/1
GoodNight,75688,1706,https://cdn.frankerfacez.com/emoticon/75688/1
peepoShrug,228447,1705,https://cdn.frankerfacez.com/emoticon/228447/1
RoWOW,307977,1700,https://cdn.frankerfacez.com/emoticon/307977/1
POI,229122,1697,https://cdn.frankerfacez.com/emoticon/229122/1
ILuvU,17914,1670,https://cdn.frankerfacez.com/emoticon/17914/1
forsenScoots,265650,1661,https://cdn.frankerfacez.com/emoticon/265650/1
noxSorry,142957,1642,https://cdn.frankerfacez.com/emoticon/142957/1
NepYay,39656,1615,https://cdn.frankerfacez.com/emoticon/39656/1
TeeHee,151637,1577,https://cdn.frankerfacez.com/emoticon/151637/1
FeelsSadMan,132030,1571,https://cdn.frankerfacez.com/emoticon/132030/1
monakS,184836,1571,https://cdn.frankerfacez.com/emoticon/184836/1
FeelsGladMan,69627,1545,https://cdn.frankerfacez.com/emoticon/69627/1
DesuOP,6490,1534,https://cdn.frankerfacez.com/emoticon/6490/1
widepeepoHigh,339048,1509,https://cdn.frankerfacez.com/emoticon/339048/1
Chag,243296,1498,https://cdn.frankerfacez.com/emoticon/243296/1
ppL,229544,1497,https://cdn.frankerfacez.com/emoticon/229544/1
xbn,1383,1480,https://cdn.frankerfacez.com/emoticon/1383/1
WanWan,25551,1464,https://cdn.frankerfacez.com/emoticon/25551/1
dogeKek,126684,1461,https://cdn.frankerfacez.com/emoticon/126684/1
DontBully,151133,1431,https://cdn.frankerfacez.com/emoticon/151133/1
pepoRope,252260,1413,https://cdn.frankerfacez.com/emoticon/252260/1
NyanPasu,34318,1411,https://cdn.frankerfacez.com/emoticon/34318/1
peepoDetective,234227,1406,https://cdn.frankerfacez.com/emoticon/234227/1
rageW,243028,1387,https://cdn.frankerfacez.com/emoticon/243028/1
REEEEE,235284,1374,https://cdn.frankerfacez.com/emoticon/235284/1
OOF,261564,2125,https://cdn.frankerfacez.com/emoticon/261564/1
OMEGALULEatingAnEggplant,210423,1357,https://cdn.frankerfacez.com/emoticon/210423/1
PepeThink,258482,1353,https://cdn.frankerfacez.com/emoticon/258482/1
NickyQ,156369,1349,https://cdn.frankerfacez.com/emoticon/156369/1
WoweeW,181160,1347,https://cdn.frankerfacez.com/emoticon/181160/1
WTFgurl,40795,1342,https://cdn.frankerfacez.com/emoticon/40795/1
ThinkingFaceEmoji,118036,1341,https://cdn.frankerfacez.com/emoticon/118036/1
GoodMorning,75689,1326,https://cdn.frankerfacez.com/emoticon/75689/1
noxWhat,142956,1320,https://cdn.frankerfacez.com/emoticon/142956/1
TriEasy,25122,1304,https://cdn.frankerfacez.com/emoticon/25122/1
PassTheBleach,40284,1294,https://cdn.frankerfacez.com/emoticon/40284/1
HYPERDANSGAMEW,242861,1284,https://cdn.frankerfacez.com/emoticon/242861/1
KermitComfy,47941,1279,https://cdn.frankerfacez.com/emoticon/47941/1
FeelsDonkMan,262149,1276,https://cdn.frankerfacez.com/emoticon/262149/1
NaM,191170,1264,https://cdn.frankerfacez.com/emoticon/191170/1
shrugFace,32110,1262,https://cdn.frankerfacez.com/emoticon/32110/1
peepoChrist,250610,1260,https://cdn.frankerfacez.com/emoticon/250610/1
AndKnuckles,24999,1253,https://cdn.frankerfacez.com/emoticon/24999/1
Popoga,370929,1253,https://cdn.frankerfacez.com/emoticon/370929/1
MeguminHappy,85103,1237,https://cdn.frankerfacez.com/emoticon/85103/1
Kappa_420,48137,1237,https://cdn.frankerfacez.com/emoticon/48137/1
monkaSSS,201363,1230,https://cdn.frankerfacez.com/emoticon/201363/1
Magoo,27041,1229,https://cdn.frankerfacez.com/emoticon/27041/1
LickMe,28453,1226,https://cdn.frankerfacez.com/emoticon/28453/1
peepoBlush,420023,1552,https://cdn.frankerfacez.com/emoticon/420023/1
Krappa,328070,1647,https://cdn.frankerfacez.com/emoticon/328070/1
ABABABABA,82321,1208,https://cdn.frankerfacez.com/emoticon/82321/1
peepoHurt,253513,1199,https://cdn.frankerfacez.com/emoticon/253513/1
gachiPRIDE,147553,1195,https://cdn.frankerfacez.com/emoticon/147553/1
FeelsSexMan,342345,1178,https://cdn.frankerfacez.com/emoticon/342345/1
PogOff,328534,1174,https://cdn.frankerfacez.com/emoticon/328534/1
peepoExit,355966,1170,https://cdn.frankerfacez.com/emoticon/355966/1
LOLW,367433,1146,https://cdn.frankerfacez.com/emoticon/367433/1
PoiPoi,29072,1145,https://cdn.frankerfacez.com/emoticon/29072/1
DIDSOMEONESAYCOCK,438500,1145,https://cdn.frankerfacez.com/emoticon/438500/1
BadSpeedrun,65228,1142,https://cdn.frankerfacez.com/emoticon/65228/1
pepeD,319304,2013,https://cdn.frankerfacez.com/emoticon/319304/1
Pepeg,344688,1141,https://cdn.frankerfacez.com/emoticon/344688/1
PogT,317258,1136,https://cdn.frankerfacez.com/emoticon/317258/1
PepeScoots,267930,1134,https://cdn.frankerfacez.com/emoticon/267930/1
PeepoFinger,318195,1132,https://cdn.frankerfacez.com/emoticon/318195/1
KermitTea,47945,1131,https://cdn.frankerfacez.com/emoticon/47945/1
peepoS,228448,1107,https://cdn.frankerfacez.com/emoticon/228448/1
PepeLa,355871,1091,https://cdn.frankerfacez.com/emoticon/355871/1
pepeW,232677,1091,https://cdn.frankerfacez.com/emoticon/232677/1
OpieOShaq,22932,1054,https://cdn.frankerfacez.com/emoticon/22932/1
Pogplant,294486,1052,https://cdn.frankerfacez.com/emoticon/294486/1
4Gitte,249850,1048,https://cdn.frankerfacez.com/emoticon/249850/1
MegaLUL,119959,1041,https://cdn.frankerfacez.com/emoticon/119959/1
peepoShy,448771,1038,https://cdn.frankerfacez.com/emoticon/448771/1
UhOh,21833,1035,https://cdn.frankerfacez.com/emoticon/21833/1
peepoRiot,332541,1012,https://cdn.frankerfacez.com/emoticon/332541/1
LurkMode,38914,1011,https://cdn.frankerfacez.com/emoticon/38914/1
RunOgre,25321,1006,https://cdn.frankerfacez.com/emoticon/25321/1
POG,410522,1003,https://cdn.frankerfacez.com/emoticon/410522/1
AWOOOO,27533,1002,https://cdn.frankerfacez.com/emoticon/27533/1
GotEm,20459,998,https://cdn.frankerfacez.com/emoticon/20459/1
MaldChamp,359915,997,https://cdn.frankerfacez.com/emoticon/359915/1
NOPE,437884,986,https://cdn.frankerfacez.com/emoticon/437884/1
THICC,327419,1386,https://cdn.frankerfacez.com/emoticon/327419/1
dankHug,444667,967,https://cdn.frankerfacez.com/emoticon/444667/1
FeelsTastyMan,213195,963,https://cdn.frankerfacez.com/emoticon/213195/1
JustRight,93535,962,https://cdn.frankerfacez.com/emoticon/93535/1
MuscleR,45579,956,https://cdn.frankerfacez.com/emoticon/45579/1
HeheHehe,230003,956,https://cdn.frankerfacez.com/emoticon/230003/1
PepoRage,361557,952,https://cdn.frankerfacez.com/emoticon/361557/1
HyperLUL,167825,948,https://cdn.frankerfacez.com/emoticon/167825/1
PepeMods,336978,948,https://cdn.frankerfacez.com/emoticon/336978/1
MOIST,29967,940,https://cdn.frankerfacez.com/emoticon/29967/1
FeelsOldMan,249125,938,https://cdn.frankerfacez.com/emoticon/249125/1
HungryTag,5233,929,https://cdn.frankerfacez.com/emoticon/5233/1
PLgurom,378342,920,https://cdn.frankerfacez.com/emoticon/378342/1
PepeNice,257954,915,https://cdn.frankerfacez.com/emoticon/257954/1
1Head,321325,1263,https://cdn.frankerfacez.com/emoticon/321325/1
StareChamp,289678,900,https://cdn.frankerfacez.com/emoticon/289678/1
MikuComfy,229997,898,https://cdn.frankerfacez.com/emoticon/229997/1
MuscleL,45580,897,https://cdn.frankerfacez.com/emoticon/45580/1
KannaWave,186320,890,https://cdn.frankerfacez.com/emoticon/186320/1
monkaCozy,226927,887,https://cdn.frankerfacez.com/emoticon/226927/1
2Header,323262,874,https://cdn.frankerfacez.com/emoticon/323262/1
widepeepoPog,309113,870,https://cdn.frankerfacez.com/emoticon/309113/1
HYPEtime,39568,866,https://cdn.frankerfacez.com/emoticon/39568/1
PepeLove,327463,860,https://cdn.frankerfacez.com/emoticon/327463/1
ChogPamp,118164,858,https://cdn.frankerfacez.com/emoticon/118164/1
RemEhehe,229998,849,https://cdn.frankerfacez.com/emoticon/229998/1
PepeCool,185868,848,https://cdn.frankerfacez.com/emoticon/185868/1
monkaX,226921,827,https://cdn.frankerfacez.com/emoticon/226921/1
PicardWTF,49640,824,https://cdn.frankerfacez.com/emoticon/49640/1
peepoMad,259518,824,https://cdn.frankerfacez.com/emoticon/259518/1
peepoNo,265166,819,https://cdn.frankerfacez.com/emoticon/265166/1
HeyPal,45103,818,https://cdn.frankerfacez.com/emoticon/45103/1
PantsGrab,283427,816,https://cdn.frankerfacez.com/emoticon/283427/1
KKrikey,211044,814,https://cdn.frankerfacez.com/emoticon/211044/1
RoWOOW,176594,809,https://cdn.frankerfacez.com/emoticon/176594/1
Prayge,507766,809,https://cdn.frankerfacez.com/emoticon/507766/1
PogMe,303471,806,https://cdn.frankerfacez.com/emoticon/303471/1
PoiGasm,28971,802,https://cdn.frankerfacez.com/emoticon/28971/1
Okayeg,438696,802,https://cdn.frankerfacez.com/emoticon/438696/1
peepoRun,334008,801,https://cdn.frankerfacez.com/emoticon/334008/1
Ohno,423445,799,https://cdn.frankerfacez.com/emoticon/423445/1
StopStreaming,60729,788,https://cdn.frankerfacez.com/emoticon/60729/1
smileW,263101,786,https://cdn.frankerfacez.com/emoticon/263101/1
KannaBlob,167504,785,https://cdn.frankerfacez.com/emoticon/167504/1
Okayga,287489,783,https://cdn.frankerfacez.com/emoticon/287489/1
PagMan,444608,1199,https://cdn.frankerfacez.com/emoticon/444608/1
peepoYes,265167,782,https://cdn.frankerfacez.com/emoticon/265167/1
PogOFF,469842,782,https://cdn.frankerfacez.com/emoticon/469842/1
HuhChamp,465494,782,https://cdn.frankerfacez.com/emoticon/465494/1
peepoFriendship,551070,777,https://cdn.frankerfacez.com/emoticon/551070/1
catOK,279627,774,https://cdn.frankerfacez.com/emoticon/279627/1
TerrIffyed,63736,769,https://cdn.frankerfacez.com/emoticon/63736/1
4WeirdBuff,451994,764,https://cdn.frankerfacez.com/emoticon/451994/1
ErynStaryn,109523,746,https://cdn.frankerfacez.com/emoticon/109523/1
Kissahomie,298316,744,https://cdn.frankerfacez.com/emoticon/298316/1
6Head,315367,731,https://cdn.frankerfacez.com/emoticon/315367/1
FeelGood,230004,731,https://cdn.frankerfacez.com/emoticon/230004/1
peepoPogClimbingTreeHard4House,425703,725,https://cdn.frankerfacez.com/emoticon/425703/1
SHIREE,157968,724,https://cdn.frankerfacez.com/emoticon/157968/1
FeelsDabMan,132023,723,https://cdn.frankerfacez.com/emoticon/132023/1
ButtBooty,265916,721,https://cdn.frankerfacez.com/emoticon/265916/1
arnoldHalt,409673,720,https://cdn.frankerfacez.com/emoticon/409673/1
WooferWhat,81780,718,https://cdn.frankerfacez.com/emoticon/81780/1
NepWink,74602,716,https://cdn.frankerfacez.com/emoticon/74602/1
ExpansionPak,25189,710,https://cdn.frankerfacez.com/emoticon/25189/1
FeelsThinkingMan,197630,708,https://cdn.frankerfacez.com/emoticon/197630/1
ComfyTag,310115,705,https://cdn.frankerfacez.com/emoticon/310115/1
KannaWOT,311999,702,https://cdn.frankerfacez.com/emoticon/311999/1
VictoryScreech,26865,702,https://cdn.frankerfacez.com/emoticon/26865/1
ZULOL,308406,698,https://cdn.frankerfacez.com/emoticon/308406/1
cooBruh,333085,696,https://cdn.frankerfacez.com/emoticon/333085/1
ozonF,234409,683,https://cdn.frankerfacez.com/emoticon/234409/1
WideHardest2,299685,675,https://cdn.frankerfacez.com/emoticon/299685/1
pepeComfy,117885,672,https://cdn.frankerfacez.com/emoticon/117885/1
CapitalD,291336,672,https://cdn.frankerfacez.com/emoticon/291336/1
peepoCry,250615,671,https://cdn.frankerfacez.com/emoticon/250615/1
widepeepoClown,338528,669,https://cdn.frankerfacez.com/emoticon/338528/1
VanillaChamp,229992,665,https://cdn.frankerfacez.com/emoticon/229992/1
WideHardest1,299686,663,https://cdn.frankerfacez.com/emoticon/299686/1
lulWut,249979,661,https://cdn.frankerfacez.com/emoticon/249979/1
Salutezume,86406,657,https://cdn.frankerfacez.com/emoticon/86406/1
HONEYDETECTED,211702,655,https://cdn.frankerfacez.com/emoticon/211702/1
TopPika,18149,653,https://cdn.frankerfacez.com/emoticon/18149/1
LennyFace,28491,651,https://cdn.frankerfacez.com/emoticon/28491/1
HUGERS,279976,651,https://cdn.frankerfacez.com/emoticon/279976/1
sOk,70405,649,https://cdn.frankerfacez.com/emoticon/70405/1
NeverGiveUp,15120,649,https://cdn.frankerfacez.com/emoticon/15120/1
DoggFace,25187,647,https://cdn.frankerfacez.com/emoticon/25187/1
DoILookLikeIKnowWhatAFrankerFaceZeeIs,41767,645,https://cdn.frankerfacez.com/emoticon/41767/1
peepoEZ,225468,640,https://cdn.frankerfacez.com/emoticon/225468/1
Widega,300983,639,https://cdn.frankerfacez.com/emoticon/300983/1
Thonking,155679,636,https://cdn.frankerfacez.com/emoticon/155679/1
HiKibbi,8704,633,https://cdn.frankerfacez.com/emoticon/8704/1
peepoThink,234378,632,https://cdn.frankerfacez.com/emoticon/234378/1
TriKool,375269,628,https://cdn.frankerfacez.com/emoticon/375269/1
DrakTip,53578,622,https://cdn.frankerfacez.com/emoticon/53578/1
YesLikeThis,51202,621,https://cdn.frankerfacez.com/emoticon/51202/1
PepoFinger,269182,618,https://cdn.frankerfacez.com/emoticon/269182/1
FeelsGoodEnoughMan,87528,617,https://cdn.frankerfacez.com/emoticon/87528/1
peepoComfyBlanket,278120,616,https://cdn.frankerfacez.com/emoticon/278120/1
RESET,21054,615,https://cdn.frankerfacez.com/emoticon/21054/1
TriPeek,243679,613,https://cdn.frankerfacez.com/emoticon/243679/1
SMILERS,360509,606,https://cdn.frankerfacez.com/emoticon/360509/1
VertWhat,102983,605,https://cdn.frankerfacez.com/emoticon/102983/1
ThatBooty,53280,599,https://cdn.frankerfacez.com/emoticon/53280/1
PepeM,362432,599,https://cdn.frankerfacez.com/emoticon/362432/1
4WeirdBusiness,447530,597,https://cdn.frankerfacez.com/emoticon/447530/1
ZOOMER,316077,597,https://cdn.frankerfacez.com/emoticon/316077/1
Weirdga,294523,585,https://cdn.frankerfacez.com/emoticon/294523/1
NotSureIf,43503,581,https://cdn.frankerfacez.com/emoticon/43503/1
4Mansion,243264,580,https://cdn.frankerfacez.com/emoticon/243264/1
FeelsSmartMan,177424,578,https://cdn.frankerfacez.com/emoticon/177424/1
DataFace,14567,574,https://cdn.frankerfacez.com/emoticon/14567/1
KannaWant,158733,572,https://cdn.frankerfacez.com/emoticon/158733/1
Dovolen,321688,572,https://cdn.frankerfacez.com/emoticon/321688/1
VapeNation,92333,569,https://cdn.frankerfacez.com/emoticon/92333/1
WeirdEyes,282161,569,https://cdn.frankerfacez.com/emoticon/282161/1
Osujdau,337288,565,https://cdn.frankerfacez.com/emoticon/337288/1
4Heads,31307,564,https://cdn.frankerfacez.com/emoticon/31307/1
BBona,186727,560,https://cdn.frankerfacez.com/emoticon/186727/1
HYPERHARDW,214126,558,https://cdn.frankerfacez.com/emoticon/214126/1
peepoRage,323585,557,https://cdn.frankerfacez.com/emoticon/323585/1
PepegaBlind,545044,557,https://cdn.frankerfacez.com/emoticon/545044/1
PogXD,264219,556,https://cdn.frankerfacez.com/emoticon/264219/1
WhatChamp,419223,556,https://cdn.frankerfacez.com/emoticon/419223/1
MadChamp,287133,554,https://cdn.frankerfacez.com/emoticon/287133/1
PepePoint,456511,552,https://cdn.frankerfacez.com/emoticon/456511/1
OhMy,34312,551,https://cdn.frankerfacez.com/emoticon/34312/1
peepoSquad,388781,551,https://cdn.frankerfacez.com/emoticon/388781/1
MONKERS,267101,549,https://cdn.frankerfacez.com/emoticon/267101/1
2Pro4U,46683,549,https://cdn.frankerfacez.com/emoticon/46683/1
PepoGun,235479,547,https://cdn.frankerfacez.com/emoticon/235479/1
vineLore,237207,546,https://cdn.frankerfacez.com/emoticon/237207/1
peepoAwesome,264360,544,https://cdn.frankerfacez.com/emoticon/264360/1
DontAtMe,198868,543,https://cdn.frankerfacez.com/emoticon/198868/1
Durka,422781,542,https://cdn.frankerfacez.com/emoticon/422781/1
FeelsSupportMan,310163,542,https://cdn.frankerfacez.com/emoticon/310163/1
GoldenKappa,77198,540,https://cdn.frankerfacez.com/emoticon/77198/1
BASED,439694,535,https://cdn.frankerfacez.com/emoticon/439694/1
OMEGASP,276951,534,https://cdn.frankerfacez.com/emoticon/276951/1
PillowMaybe,29080,531,https://cdn.frankerfacez.com/emoticon/29080/1
MingLow,164124,531,https://cdn.frankerfacez.com/emoticon/164124/1
HAhaa,144811,527,https://cdn.frankerfacez.com/emoticon/144811/1
CatBoo,25793,525,https://cdn.frankerfacez.com/emoticon/25793/1
Pepe,12055,521,https://cdn.frankerfacez.com/emoticon/12055/1
PeepoGiggle,302083,517,https://cdn.frankerfacez.com/emoticon/302083/1
essiPls,43052,514,https://cdn.frankerfacez.com/emoticon/43052/1
Gnomed,283042,512,https://cdn.frankerfacez.com/emoticon/283042/1
CatHiss,278966,510,https://cdn.frankerfacez.com/emoticon/278966/1
UHM,425890,510,https://cdn.frankerfacez.com/emoticon/425890/1
Kappapa,317278,507,https://cdn.frankerfacez.com/emoticon/317278/1
REEEE,61193,950,https://cdn.frankerfacez.com/emoticon/61193/1
Hmm,405602,506,https://cdn.frankerfacez.com/emoticon/405602/1
KannaPeer,162826,505,https://cdn.frankerfacez.com/emoticon/162826/1
PikaShock,307201,505,https://cdn.frankerfacez.com/emoticon/307201/1
AnimeThump,41191,504,https://cdn.frankerfacez.com/emoticon/41191/1
ReimuPalm,35054,503,https://cdn.frankerfacez.com/emoticon/35054/1
PinguZ,38130,500,https://cdn.frankerfacez.com/emoticon/38130/1
KannaSpooks,160438,499,https://cdn.frankerfacez.com/emoticon/160438/1
mericCat,283771,499,https://cdn.frankerfacez.com/emoticon/283771/1
peepoWide,318778,498,https://cdn.frankerfacez.com/emoticon/318778/1
LewdHina,90414,496,https://cdn.frankerfacez.com/emoticon/90414/1
Kappap,34827,494,https://cdn.frankerfacez.com/emoticon/34827/1
SmugNep,35957,494,https://cdn.frankerfacez.com/emoticon/35957/1
PainChamp,484988,490,https://cdn.frankerfacez.com/emoticon/484988/1
NiceMeme!,23043,486,https://cdn.frankerfacez.com/emoticon/23043/1
NepDerp,61879,481,https://cdn.frankerfacez.com/emoticon/61879/1
DougDimmadomeOwnerOfTheDimmsdaleDimmadomeLookingOutHisDimmsdaleDimmadome,44708,481,https://cdn.frankerfacez.com/emoticon/44708/1
RatedL,78488,480,https://cdn.frankerfacez.com/emoticon/78488/1
OhImGay,166133,476,https://cdn.frankerfacez.com/emoticon/166133/1
peepoComeBack,384960,475,https://cdn.frankerfacez.com/emoticon/384960/1
PADORU,227339,475,https://cdn.frankerfacez.com/emoticon/227339/1
PresidentSleeper,27039,474,https://cdn.frankerfacez.com/emoticon/27039/1
POGGAROO,378592,469,https://cdn.frankerfacez.com/emoticon/378592/1
peepoWideBruh,309615,467,https://cdn.frankerfacez.com/emoticon/309615/1
peepoBlushing,351759,464,https://cdn.frankerfacez.com/emoticon/351759/1
vineVolume,237191,463,https://cdn.frankerfacez.com/emoticon/237191/1
AnimeBoy,81227,462,https://cdn.frankerfacez.com/emoticon/81227/1
peepoJuiceBox,266141,462,https://cdn.frankerfacez.com/emoticon/266141/1
KEKYou,387408,460,https://cdn.frankerfacez.com/emoticon/387408/1
peepoG,464328,457,https://cdn.frankerfacez.com/emoticon/464328/1
REEEEEE,201590,457,https://cdn.frankerfacez.com/emoticon/201590/1
EZZ,341168,449,https://cdn.frankerfacez.com/emoticon/341168/1
StopChamp,335531,447,https://cdn.frankerfacez.com/emoticon/335531/1
LewdMouth,29068,442,https://cdn.frankerfacez.com/emoticon/29068/1
peepoPain,372453,442,https://cdn.frankerfacez.com/emoticon/372453/1
PepeNote,315067,442,https://cdn.frankerfacez.com/emoticon/315067/1
FailerZ,8785,436,https://cdn.frankerfacez.com/emoticon/8785/1
TriggereD,29231,433,https://cdn.frankerfacez.com/emoticon/29231/1
GitGud,55686,432,https://cdn.frankerfacez.com/emoticon/55686/1
YIKERS,313785,432,https://cdn.frankerfacez.com/emoticon/313785/1
peepoKiss,449983,432,https://cdn.frankerfacez.com/emoticon/449983/1
BottomsUp,230002,431,https://cdn.frankerfacez.com/emoticon/230002/1
LickR,47595,431,https://cdn.frankerfacez.com/emoticon/47595/1
pepoClown,266346,429,https://cdn.frankerfacez.com/emoticon/266346/1
peepoNotes,423735,429,https://cdn.frankerfacez.com/emoticon/423735/1
monkaRage,204986,427,https://cdn.frankerfacez.com/emoticon/204986/1
CreepyChamp,369961,424,https://cdn.frankerfacez.com/emoticon/369961/1
PerfectGame,30146,424,https://cdn.frankerfacez.com/emoticon/30146/1
NANI!,223951,423,https://cdn.frankerfacez.com/emoticon/223951/1
PepeHappy,244851,423,https://cdn.frankerfacez.com/emoticon/244851/1
RipUrn,27650,422,https://cdn.frankerfacez.com/emoticon/27650/1
kannaFU,173046,422,https://cdn.frankerfacez.com/emoticon/173046/1
Poog,272256,420,https://cdn.frankerfacez.com/emoticon/272256/1
LickL,47594,419,https://cdn.frankerfacez.com/emoticon/47594/1
NiceSoftlock,30164,418,https://cdn.frankerfacez.com/emoticon/30164/1
PogChimp,31401,417,https://cdn.frankerfacez.com/emoticon/31401/1
PepoLove,296137,417,https://cdn.frankerfacez.com/emoticon/296137/1
SeriousSpeedrun,26220,417,https://cdn.frankerfacez.com/emoticon/26220/1
Weirdge,411818,414,https://cdn.frankerfacez.com/emoticon/411818/1
monkaJ,200140,413,https://cdn.frankerfacez.com/emoticon/200140/1
Madge,469241,724,https://cdn.frankerfacez.com/emoticon/469241/1
KEKLEO,505263,411,https://cdn.frankerfacez.com/emoticon/505263/1
SpongeArmR,30624,409,https://cdn.frankerfacez.com/emoticon/30624/1
gachiF,238016,408,https://cdn.frankerfacez.com/emoticon/238016/1
DansChamp,455472,408,https://cdn.frankerfacez.com/emoticon/455472/1
AMAZIN,314715,407,https://cdn.frankerfacez.com/emoticon/314715/1
vineMeat,249199,406,https://cdn.frankerfacez.com/emoticon/249199/1
peepoWeird,296091,406,https://cdn.frankerfacez.com/emoticon/296091/1
monkaLaugh,408792,404,https://cdn.frankerfacez.com/emoticon/408792/1
FrogeConcern,187099,403,https://cdn.frankerfacez.com/emoticon/187099/1
Floshed,402035,402,https://cdn.frankerfacez.com/emoticon/402035/1
FeelsBatman,78599,401,https://cdn.frankerfacez.com/emoticon/78599/1
HYPE!,190370,400,https://cdn.frankerfacez.com/emoticon/190370/1
peepoPoopoo,339612,400,https://cdn.frankerfacez.com/emoticon/339612/1
PepegaHands,286923,716,https://cdn.frankerfacez.com/emoticon/286923/1
KEKhands,396069,398,https://cdn.frankerfacez.com/emoticon/396069/1
OkuuFlare,29069,397,https://cdn.frankerfacez.com/emoticon/29069/1
PepeWTF,342019,791,https://cdn.frankerfacez.com/emoticon/342019/1
WOGGERS,244028,393,https://cdn.frankerfacez.com/emoticon/244028/1
Pepegun,325491,393,https://cdn.frankerfacez.com/emoticon/325491/1
GLOD,16291,391,https://cdn.frankerfacez.com/emoticon/16291/1
Clappa,34804,390,https://cdn.frankerfacez.com/emoticon/34804/1
monkaStab,243330,390,https://cdn.frankerfacez.com/emoticon/243330/1
oie,25942,388,https://cdn.frankerfacez.com/emoticon/25942/1
TreeHard,279570,388,https://cdn.frankerfacez.com/emoticon/279570/1
peepoEnter,367738,388,https://cdn.frankerfacez.com/emoticon/367738/1
NicoNii,29077,387,https://cdn.frankerfacez.com/emoticon/29077/1
pepoHYPE,214120,387,https://cdn.frankerfacez.com/emoticon/214120/1
gachiW,200300,387,https://cdn.frankerfacez.com/emoticon/200300/1
DatBoi,98940,387,https://cdn.frankerfacez.com/emoticon/98940/1
NoticeMe,37759,386,https://cdn.frankerfacez.com/emoticon/37759/1
monkaStare,405963,763,https://cdn.frankerfacez.com/emoticon/405963/1
FeelsAkariMan,229994,383,https://cdn.frankerfacez.com/emoticon/229994/1
ThankYou,45193,383,https://cdn.frankerfacez.com/emoticon/45193/1
ChocolaChamp,47856,382,https://cdn.frankerfacez.com/emoticon/47856/1
Handsup,434624,381,https://cdn.frankerfacez.com/emoticon/434624/1
Costanza,2532,381,https://cdn.frankerfacez.com/emoticon/2532/1
SpongeArmL,30623,379,https://cdn.frankerfacez.com/emoticon/30623/1
2BGasm,241820,377,https://cdn.frankerfacez.com/emoticon/241820/1
HeyMF,51247,376,https://cdn.frankerfacez.com/emoticon/51247/1
peepoCool,381793,374,https://cdn.frankerfacez.com/emoticon/381793/1
gachiSleeper,237803,369,https://cdn.frankerfacez.com/emoticon/237803/1
ComfWee,266144,368,https://cdn.frankerfacez.com/emoticon/266144/1
PepeJam,376505,367,https://cdn.frankerfacez.com/emoticon/376505/1
OOOOOHOHOHO,53827,363,https://cdn.frankerfacez.com/emoticon/53827/1
widepeepoCoffee,339133,361,https://cdn.frankerfacez.com/emoticon/339133/1
Contem,75245,359,https://cdn.frankerfacez.com/emoticon/75245/1
GrumpDump,31481,358,https://cdn.frankerfacez.com/emoticon/31481/1
MikuRawr,229995,352,https://cdn.frankerfacez.com/emoticon/229995/1
Champega,350090,351,https://cdn.frankerfacez.com/emoticon/350090/1
HYPERSL,263379,351,https://cdn.frankerfacez.com/emoticon/263379/1
RikkaWOW,64450,350,https://cdn.frankerfacez.com/emoticon/64450/1
NepBaka,99807,350,https://cdn.frankerfacez.com/emoticon/99807/1
POGGER,297244,350,https://cdn.frankerfacez.com/emoticon/297244/1
vineGordon,242380,350,https://cdn.frankerfacez.com/emoticon/242380/1
vineEyes,237213,347,https://cdn.frankerfacez.com/emoticon/237213/1
Trihard,342207,344,https://cdn.frankerfacez.com/emoticon/342207/1
DougDimmadomeOwnerOfTheDimmsdaleDimmadomeLookingOutHisDimmsdaleDimmadomeLookingOutSpongebobsWindowAndKnucklesFtDanteDOIT,45368,344,https://cdn.frankerfacez.com/emoticon/45368/1
widePepeLaugh,322499,344,https://cdn.frankerfacez.com/emoticon/322499/1
OhNo,84914,342,https://cdn.frankerfacez.com/emoticon/84914/1
GTChimp,228628,342,https://cdn.frankerfacez.com/emoticon/228628/1
DColon,420214,342,https://cdn.frankerfacez.com/emoticon/420214/1
SadPepe,211753,341,https://cdn.frankerfacez.com/emoticon/211753/1
KurisuFact,29070,339,https://cdn.frankerfacez.com/emoticon/29070/1
roflanEbalo,289129,339,https://cdn.frankerfacez.com/emoticon/289129/1
PEEPOTHINK,400657,339,https://cdn.frankerfacez.com/emoticon/400657/1
pepoDab,225231,339,https://cdn.frankerfacez.com/emoticon/225231/1
HYPERAYAYA,249081,338,https://cdn.frankerfacez.com/emoticon/249081/1
EXPLOSION,115412,337,https://cdn.frankerfacez.com/emoticon/115412/1
TOS,305849,337,https://cdn.frankerfacez.com/emoticon/305849/1
peepoComfy,283627,337,https://cdn.frankerfacez.com/emoticon/283627/1
BasedGod,27759,336,https://cdn.frankerfacez.com/emoticon/27759/1
OMGScoots,265535,335,https://cdn.frankerfacez.com/emoticon/265535/1
monikaS,214644,334,https://cdn.frankerfacez.com/emoticon/214644/1
LidlLogo,178999,333,https://cdn.frankerfacez.com/emoticon/178999/1
COOMER,392139,331,https://cdn.frankerfacez.com/emoticon/392139/1
AMAZINGA,316979,331,https://cdn.frankerfacez.com/emoticon/316979/1
PagShake,258246,327,https://cdn.frankerfacez.com/emoticon/258246/1
TohruSmug,166994,327,https://cdn.frankerfacez.com/emoticon/166994/1
PogChampo,111164,327,https://cdn.frankerfacez.com/emoticon/111164/1
PepeLaff,261421,326,https://cdn.frankerfacez.com/emoticon/261421/1
Poggers,360529,326,https://cdn.frankerfacez.com/emoticon/360529/1
PissedChamp,353932,324,https://cdn.frankerfacez.com/emoticon/353932/1
WidestHard,296645,323,https://cdn.frankerfacez.com/emoticon/296645/1
peepoSus,301140,323,https://cdn.frankerfacez.com/emoticon/301140/1
YanStabR,104226,321,https://cdn.frankerfacez.com/emoticon/104226/1
peepoPANTIES,338236,320,https://cdn.frankerfacez.com/emoticon/338236/1
LoveBag,34678,319,https://cdn.frankerfacez.com/emoticon/34678/1
PedoBear,37758,319,https://cdn.frankerfacez.com/emoticon/37758/1
widepeepoWeird,336298,318,https://cdn.frankerfacez.com/emoticon/336298/1
Pepeflower,342567,318,https://cdn.frankerfacez.com/emoticon/342567/1
osuHOW,409528,317,https://cdn.frankerfacez.com/emoticon/409528/1
vineChatyot,239191,316,https://cdn.frankerfacez.com/emoticon/239191/1
ALO,429365,315,https://cdn.frankerfacez.com/emoticon/429365/1
JoJOhMyGod,226778,315,https://cdn.frankerfacez.com/emoticon/226778/1
OMEGALOL,271325,315,https://cdn.frankerfacez.com/emoticon/271325/1
GameOver,14061,315,https://cdn.frankerfacez.com/emoticon/14061/1
GumiStare,309058,314,https://cdn.frankerfacez.com/emoticon/309058/1
peepoSmart,264201,313,https://cdn.frankerfacez.com/emoticon/264201/1
Peepoblanket,434623,312,https://cdn.frankerfacez.com/emoticon/434623/1
Catcry,352535,312,https://cdn.frankerfacez.com/emoticon/352535/1
OMEGAPOGGERS,251321,312,https://cdn.frankerfacez.com/emoticon/251321/1
vineToad,237210,312,https://cdn.frankerfacez.com/emoticon/237210/1
LukaShock,28969,312,https://cdn.frankerfacez.com/emoticon/28969/1
Nopenope,9022,311,https://cdn.frankerfacez.com/emoticon/9022/1
pepeJAMJAM,443366,311,https://cdn.frankerfacez.com/emoticon/443366/1
vineSalt,239189,311,https://cdn.frankerfacez.com/emoticon/239189/1
OhICantSee,117822,311,https://cdn.frankerfacez.com/emoticon/117822/1
RemFive,123346,310,https://cdn.frankerfacez.com/emoticon/123346/1
MmmYea,262166,308,https://cdn.frankerfacez.com/emoticon/262166/1
FeelsModMan,59357,308,https://cdn.frankerfacez.com/emoticon/59357/1
SadWeeb,291125,307,https://cdn.frankerfacez.com/emoticon/291125/1
pepoS,202129,307,https://cdn.frankerfacez.com/emoticon/202129/1
